Record Length,2.500000e+03,,  -0.000050000000,   0.40000,
Sample Interval,2.000000e-07,,  -0.000049800000,   0.00000,
Trigger Point,2.500000000000e+02,,  -0.000049600000,   0.40000,
,,,  -0.000049400000,  -0.40000,
,,,  -0.000049200000,  -0.40000,
,,,  -0.000049000000,  -0.80000,
Source,CH2,,  -0.000048800000,   0.40000,
Vertical Units,V,,  -0.000048600000,   0.00000,
Vertical Scale,1.000000e+01,,  -0.000048400000,   0.00000,
Vertical Offset,-3.000000e+01,,  -0.000048200000,   0.40000,
Horizontal Units,s,,  -0.000048000000,   0.00000,
Horizontal Scale,5.000000e-05,,  -0.000047800000,   0.00000,
Pt Fmt,Y,,  -0.000047600000,  -0.40000,
Yzero,0.000000e+00,,  -0.000047400000,  -0.40000,
Probe Atten,1.000000e+01,,  -0.000047200000,   0.00000,
Model Number,TDS1001B,,  -0.000047000000,   0.00000,
Serial Number,C105846,,  -0.000046800000,   0.40000,
Firmware Version,FV:v22.13,,  -0.000046600000,   0.40000,
,,,-00.000046400000,   0.00000,
,,,-00.000046200000,   0.00000,
,,,-00.000046000000,  -0.40000,
,,,-00.000045800000,  -0.40000,
,,,-00.000045600000,   0.00000,
,,,-00.000045400000,   0.00000,
,,,-00.000045200000,   0.00000,
,,,-00.000045000000,   0.00000,
,,,-00.000044800000,  -0.40000,
,,,-00.000044600000,   0.00000,
,,,-00.000044400000,   0.00000,
,,,-00.000044200000,  -0.80000,
,,,-00.000044000000,   0.00000,
,,,-00.000043800000,  -0.80000,
,,,-00.000043600000,  -0.40000,
,,,-00.000043400000,   0.80000,
,,,-00.000043200000,   0.00000,
,,,-00.000043000000,   0.00000,
,,,-00.000042800000,   0.40000,
,,,-00.000042600000,   0.00000,
,,,-00.000042400000,   0.00000,
,,,-00.000042200000,   0.40000,
,,,-00.000042000000,  -0.40000,
,,,-00.000041800000,   0.00000,
,,,-00.000041600000,   0.00000,
,,,-00.000041400000,  -0.40000,
,,,-00.000041200000,  -0.40000,
,,,-00.000041000000,   0.00000,
,,,-00.000040800000,  -0.80000,
,,,-00.000040600000,   0.00000,
,,,-00.000040400000,   0.00000,
,,,-00.000040200000,   0.00000,
,,,-00.000040000000,   0.00000,
,,,-00.000039800000,   0.00000,
,,,-00.000039600000,   0.00000,
,,,-00.000039400000,  -0.40000,
,,,-00.000039200000,  -0.40000,
,,,-00.000039000000,   0.40000,
,,,-00.000038800000,   0.40000,
,,,-00.000038600000,  -0.40000,
,,,-00.000038400000,   0.40000,
,,,-00.000038200000,   0.40000,
,,,-00.000038000000,   0.40000,
,,,-00.000037800000,   0.00000,
,,,-00.000037600000,  -0.40000,
,,,-00.000037400000,   0.40000,
,,,-00.000037200000,   0.00000,
,,,-00.000037000000,   0.80000,
,,,-00.000036800000,   0.40000,
,,,-00.000036600000,   0.40000,
,,,-00.000036400000,   0.00000,
,,,-00.000036200000,  -0.40000,
,,,-00.000036000000,  -0.40000,
,,,-00.000035800000,  -0.40000,
,,,-00.000035600000,   0.40000,
,,,-00.000035400000,   0.40000,
,,,-00.000035200000,   0.00000,
,,,-00.000035000000,   0.40000,
,,,-00.000034800000,   0.40000,
,,,-00.000034600000,   0.40000,
,,,-00.000034400000,  -0.40000,
,,,-00.000034200000,  -0.40000,
,,,-00.000034000000,   0.00000,
,,,-00.000033800000,  -0.40000,
,,,-00.000033600000,  -0.40000,
,,,-00.000033400000,   0.40000,
,,,-00.000033200000,   0.80000,
,,,-00.000033000000,   0.40000,
,,,-00.000032800000,   0.00000,
,,,-00.000032600000,  -0.40000,
,,,-00.000032400000,   0.40000,
,,,-00.000032200000,   0.80000,
,,,-00.000032000000,   0.40000,
,,,-00.000031800000,  -0.40000,
,,,-00.000031600000,   0.40000,
,,,-00.000031400000,   0.40000,
,,,-00.000031200000,   0.00000,
,,,-00.000031000000,   0.00000,
,,,-00.000030800000,   0.00000,
,,,-00.000030600000,   0.00000,
,,,-00.000030400000,   0.00000,
,,,-00.000030200000,   0.00000,
,,,-00.000030000000,   0.40000,
,,,-00.000029800000,   0.00000,
,,,-00.000029600000,  -0.40000,
,,,-00.000029400000,  -0.80000,
,,,-00.000029200000,  -0.80000,
,,,-00.000029000000,   0.40000,
,,,-00.000028800000,   0.40000,
,,,-00.000028600000,   0.80000,
,,,-00.000028400000,   0.40000,
,,,-00.000028200000,   0.00000,
,,,-00.000028000000,   0.40000,
,,,-00.000027800000,   0.00000,
,,,-00.000027600000,   0.00000,
,,,-00.000027400000,   0.40000,
,,,-00.000027200000,   0.00000,
,,,-00.000027000000,   0.00000,
,,,-00.000026800000,   0.00000,
,,,-00.000026600000,   0.40000,
,,,-00.000026400000,   0.00000,
,,,-00.000026200000,   0.00000,
,,,-00.000026000000,   0.00000,
,,,-00.000025800000,   0.40000,
,,,-00.000025600000,   0.00000,
,,,-00.000025400000,   0.00000,
,,,-00.000025200000,   0.40000,
,,,-00.000025000000,   0.40000,
,,,-00.000024800000,   0.00000,
,,,-00.000024600000,  -0.40000,
,,,-00.000024400000,  -0.40000,
,,,-00.000024200000,   0.00000,
,,,-00.000024000000,  -0.80000,
,,,-00.000023800000,   0.00000,
,,,-00.000023600000,   0.40000,
,,,-00.000023400000,   0.00000,
,,,-00.000023200000,   0.40000,
,,,-00.000023000000,   0.00000,
,,,-00.000022800000,  -0.40000,
,,,-00.000022600000,   0.00000,
,,,-00.000022400000,   0.40000,
,,,-00.000022200000,   0.00000,
,,,-00.000022000000,   0.00000,
,,,-00.000021800000,   0.00000,
,,,-00.000021600000,   0.00000,
,,,-00.000021400000,   0.40000,
,,,-00.000021200000,   0.00000,
,,,-00.000021000000,  -0.40000,
,,,-00.000020800000,   0.00000,
,,,-00.000020600000,  -0.40000,
,,,-00.000020400000,   0.40000,
,,,-00.000020200000,   0.00000,
,,,-00.000020000000,   0.00000,
,,,-00.000019800000,   0.40000,
,,,-00.000019600000,  -0.40000,
,,,-00.000019400000,  -0.40000,
,,,-00.000019200000,   0.40000,
,,,-00.000019000000,   0.40000,
,,,-00.000018800000,   0.00000,
,,,-00.000018600000,   0.40000,
,,,-00.000018400000,   0.40000,
,,,-00.000018200000,   0.40000,
,,,-00.000018000000,   0.00000,
,,,-00.000017800000,  -0.40000,
,,,-00.000017600000,   0.40000,
,,,-00.000017400000,   0.00000,
,,,-00.000017200000,   0.40000,
,,,-00.000017000000,   0.00000,
,,,-00.000016800000,   0.00000,
,,,-00.000016600000,   0.00000,
,,,-00.000016400000,   0.40000,
,,,-00.000016200000,  -0.80000,
,,,-00.000016000000,  -0.40000,
,,,-00.000015800000,   0.40000,
,,,-00.000015600000,   0.40000,
,,,-00.000015400000,   0.40000,
,,,-00.000015200000,   0.40000,
,,,-00.000015000000,   0.40000,
,,,-00.000014800000,   0.40000,
,,,-00.000014600000,   0.00000,
,,,-00.000014400000,  -0.40000,
,,,-00.000014200000,   0.40000,
,,,-00.000014000000,  -0.80000,
,,,-00.000013800000,   0.00000,
,,,-00.000013600000,  -0.40000,
,,,-00.000013400000,   0.80000,
,,,-00.000013200000,   0.40000,
,,,-00.000013000000,  -0.40000,
,,,-00.000012800000,   0.00000,
,,,-00.000012600000,   0.00000,
,,,-00.000012400000,   0.00000,
,,,-00.000012200000,   0.40000,
,,,-00.000012000000,  -0.40000,
,,,-00.000011800000,   0.40000,
,,,-00.000011600000,   0.40000,
,,,-00.000011400000,   0.00000,
,,,-00.000011200000,   0.00000,
,,,-00.000011000000,   0.00000,
,,,-00.000010800000,   0.00000,
,,,-00.000010600000,  -0.40000,
,,,-00.000010400000,   0.00000,
,,,-00.000010200000,   0.40000,
,,,-00.000010000000,   0.40000,
,,,-00.000009800000,  -0.40000,
,,,-00.000009600000,  -0.40000,
,,,-00.000009400000,   0.00000,
,,,-00.000009200000,   0.40000,
,,,-00.000009000000,   0.00000,
,,,-00.000008800000,   0.40000,
,,,-00.000008600000,   0.40000,
,,,-00.000008400000,   0.00000,
,,,-00.000008200000,   0.40000,
,,,-00.000008000000,   0.00000,
,,,-00.000007800000,   0.00000,
,,,-00.000007600000,   0.40000,
,,,-00.000007400000,   0.00000,
,,,-00.000007200000,   0.00000,
,,,-00.000007000000,   0.40000,
,,,-00.000006800000,   0.00000,
,,,-00.000006600000,   0.00000,
,,,-00.000006400000,   0.40000,
,,,-00.000006200000,  -0.40000,
,,,-00.000006000000,   0.00000,
,,,-00.000005800000,   0.40000,
,,,-00.000005600000,  -0.40000,
,,,-00.000005400000,   0.40000,
,,,-00.000005200000,   1.20000,
,,,-00.000005000000,   0.40000,
,,,-00.000004800000,   0.40000,
,,,-00.000004600000,  -0.40000,
,,,-00.000004400000,   1.20000,
,,,-00.000004200000,   0.80000,
,,,-00.000004000000,   1.20000,
,,,-00.000003800000,   1.60000,
,,,-00.000003600000,   1.60000,
,,,-00.000003400000,   1.60000,
,,,-00.000003200000,   1.20000,
,,,-00.000003000000,   1.20000,
,,,-00.000002800000,   1.60000,
,,,-00.000002600000,   2.00000,
,,,-00.000002400000,   1.20000,
,,,-00.000002200000,   1.60000,
,,,-00.000002000000,   2.00000,
,,,-00.000001800000,   1.20000,
,,,-00.000001600000,   1.60000,
,,,-00.000001400000,   2.00000,
,,,-00.000001200000,   1.60000,
,,,-00.000001000000,   2.00000,
,,,-00.000000800000,   2.00000,
,,,-00.000000600000,   2.40000,
,,,-00.000000400000,   2.00000,
,,,-00.000000200000,   2.80000,
,,,-00.000000000000,   2.40000,
,,,00.000000200000,   2.00000,
,,,00.000000400000,   2.40000,
,,,00.000000600000,   2.80000,
,,,00.000000800000,   2.80000,
,,,00.000001000000,   2.40000,
,,,00.000001200000,   3.20000,
,,,00.000001400000,   2.80000,
,,,00.000001600000,   3.20000,
,,,00.000001800000,   3.60000,
,,,00.000002000000,   2.80000,
,,,00.000002200000,   4.00000,
,,,00.000002400000,   3.60000,
,,,00.000002600000,   4.00000,
,,,00.000002800000,   3.60000,
,,,00.000003000000,   4.00000,
,,,00.000003200000,   4.00000,
,,,00.000003400000,   4.40000,
,,,00.000003600000,   3.60000,
,,,00.000003800000,   3.60000,
,,,00.000004000000,   4.40000,
,,,00.000004200000,   4.00000,
,,,00.000004400000,   4.40000,
,,,00.000004600000,   4.40000,
,,,00.000004800000,   4.40000,
,,,00.000005000000,   4.40000,
,,,00.000005200000,   4.40000,
,,,00.000005400000,   4.00000,
,,,00.000005600000,   4.80000,
,,,00.000005800000,   4.80000,
,,,00.000006000000,   4.40000,
,,,00.000006200000,   4.80000,
,,,00.000006400000,   5.20000,
,,,00.000006600000,   5.60000,
,,,00.000006800000,   5.20000,
,,,00.000007000000,   5.20000,
,,,00.000007200000,   5.60000,
,,,00.000007400000,   6.00000,
,,,00.000007600000,   5.20000,
,,,00.000007800000,   5.20000,
,,,00.000008000000,   6.00000,
,,,00.000008200000,   6.00000,
,,,00.000008400000,   6.00000,
,,,00.000008600000,   6.00000,
,,,00.000008800000,   6.00000,
,,,00.000009000000,   6.00000,
,,,00.000009200000,   6.40000,
,,,00.000009400000,   6.40000,
,,,00.000009600000,   6.40000,
,,,00.000009800000,   6.40000,
,,,00.000010000000,   6.40000,
,,,00.000010200000,   6.40000,
,,,00.000010400000,   6.00000,
,,,00.000010600000,   7.20000,
,,,00.000010800000,   6.80000,
,,,00.000011000000,   6.80000,
,,,00.000011200000,   6.80000,
,,,00.000011400000,   6.80000,
,,,00.000011600000,   7.20000,
,,,00.000011800000,   7.20000,
,,,00.000012000000,   6.80000,
,,,00.000012200000,   7.20000,
,,,00.000012400000,   7.20000,
,,,00.000012600000,   8.00000,
,,,00.000012800000,   7.60000,
,,,00.000013000000,   7.60000,
,,,00.000013200000,   7.60000,
,,,00.000013400000,   7.60000,
,,,00.000013600000,   7.20000,
,,,00.000013800000,   8.00000,
,,,00.000014000000,   8.00000,
,,,00.000014200000,   7.60000,
,,,00.000014400000,   8.00000,
,,,00.000014600000,   8.40000,
,,,00.000014800000,   8.00000,
,,,00.000015000000,   8.00000,
,,,00.000015200000,   8.00000,
,,,00.000015400000,   9.20000,
,,,00.000015600000,   8.40000,
,,,00.000015800000,   8.40000,
,,,00.000016000000,   9.20000,
,,,00.000016200000,   8.40000,
,,,00.000016400000,   8.80000,
,,,00.000016600000,   8.80000,
,,,00.000016800000,   8.80000,
,,,00.000017000000,   9.20000,
,,,00.000017200000,   9.60000,
,,,00.000017400000,   9.20000,
,,,00.000017600000,   9.20000,
,,,00.000017800000,   9.60000,
,,,00.000018000000,   9.20000,
,,,00.000018200000,   9.60000,
,,,00.000018400000,   9.20000,
,,,00.000018600000,   9.20000,
,,,00.000018800000,  10.00000,
,,,00.000019000000,  10.00000,
,,,00.000019200000,  10.00000,
,,,00.000019400000,   9.60000,
,,,00.000019600000,  10.00000,
,,,00.000019800000,  10.00000,
,,,00.000020000000,  10.00000,
,,,00.000020200000,   9.60000,
,,,00.000020400000,  10.40000,
,,,00.000020600000,  10.40000,
,,,00.000020800000,  10.00000,
,,,00.000021000000,  10.80000,
,,,00.000021200000,  10.40000,
,,,00.000021400000,  10.80000,
,,,00.000021600000,  11.20000,
,,,00.000021800000,  10.40000,
,,,00.000022000000,  10.80000,
,,,00.000022200000,  11.20000,
,,,00.000022400000,  11.20000,
,,,00.000022600000,  10.80000,
,,,00.000022800000,  11.20000,
,,,00.000023000000,  11.20000,
,,,00.000023200000,  11.20000,
,,,00.000023400000,  10.80000,
,,,00.000023600000,  10.80000,
,,,00.000023800000,  11.60000,
,,,00.000024000000,  11.20000,
,,,00.000024200000,  11.60000,
,,,00.000024400000,  12.00000,
,,,00.000024600000,  11.60000,
,,,00.000024800000,  11.60000,
,,,00.000025000000,  11.60000,
,,,00.000025200000,  11.20000,
,,,00.000025400000,  12.00000,
,,,00.000025600000,  11.60000,
,,,00.000025800000,  12.00000,
,,,00.000026000000,  12.00000,
,,,00.000026200000,  12.00000,
,,,00.000026400000,  12.00000,
,,,00.000026600000,  12.00000,
,,,00.000026800000,  12.00000,
,,,00.000027000000,  12.00000,
,,,00.000027200000,  12.80000,
,,,00.000027400000,  12.40000,
,,,00.000027600000,  12.80000,
,,,00.000027800000,  12.80000,
,,,00.000028000000,  12.40000,
,,,00.000028200000,  12.80000,
,,,00.000028400000,  12.40000,
,,,00.000028600000,  12.80000,
,,,00.000028800000,  12.80000,
,,,00.000029000000,  12.80000,
,,,00.000029200000,  13.20000,
,,,00.000029400000,  13.20000,
,,,00.000029600000,  13.20000,
,,,00.000029800000,  12.80000,
,,,00.000030000000,  12.80000,
,,,00.000030200000,  12.80000,
,,,00.000030400000,  13.60000,
,,,00.000030600000,  13.60000,
,,,00.000030800000,  13.60000,
,,,00.000031000000,  13.20000,
,,,00.000031200000,  13.20000,
,,,00.000031400000,  13.20000,
,,,00.000031600000,  13.60000,
,,,00.000031800000,  13.60000,
,,,00.000032000000,  13.60000,
,,,00.000032200000,  14.00000,
,,,00.000032400000,  14.40000,
,,,00.000032600000,  14.40000,
,,,00.000032800000,  14.40000,
,,,00.000033000000,  14.00000,
,,,00.000033200000,  14.00000,
,,,00.000033400000,  13.60000,
,,,00.000033600000,  14.00000,
,,,00.000033800000,  14.40000,
,,,00.000034000000,  14.40000,
,,,00.000034200000,  14.40000,
,,,00.000034400000,  14.80000,
,,,00.000034600000,  14.40000,
,,,00.000034800000,  14.80000,
,,,00.000035000000,  14.00000,
,,,00.000035200000,  14.80000,
,,,00.000035400000,  14.80000,
,,,00.000035600000,  14.80000,
,,,00.000035800000,  15.20000,
,,,00.000036000000,  14.80000,
,,,00.000036200000,  15.20000,
,,,00.000036400000,  15.20000,
,,,00.000036600000,  15.20000,
,,,00.000036800000,  15.60000,
,,,00.000037000000,  15.60000,
,,,00.000037200000,  15.60000,
,,,00.000037400000,  15.20000,
,,,00.000037600000,  15.20000,
,,,00.000037800000,  15.20000,
,,,00.000038000000,  15.20000,
,,,00.000038200000,  16.00000,
,,,00.000038400000,  14.80000,
,,,00.000038600000,  15.20000,
,,,00.000038800000,  15.60000,
,,,00.000039000000,  15.60000,
,,,00.000039200000,  16.00000,
,,,00.000039400000,  15.60000,
,,,00.000039600000,  16.00000,
,,,00.000039800000,  15.60000,
,,,00.000040000000,  15.60000,
,,,00.000040200000,  16.40000,
,,,00.000040400000,  16.40000,
,,,00.000040600000,  16.40000,
,,,00.000040800000,  16.40000,
,,,00.000041000000,  15.60000,
,,,00.000041200000,  16.40000,
,,,00.000041400000,  16.40000,
,,,00.000041600000,  16.00000,
,,,00.000041800000,  16.80000,
,,,00.000042000000,  16.80000,
,,,00.000042200000,  16.80000,
,,,00.000042400000,  16.80000,
,,,00.000042600000,  16.80000,
,,,00.000042800000,  16.80000,
,,,00.000043000000,  16.80000,
,,,00.000043200000,  16.80000,
,,,00.000043400000,  16.40000,
,,,00.000043600000,  17.20000,
,,,00.000043800000,  16.80000,
,,,00.000044000000,  17.20000,
,,,00.000044200000,  16.80000,
,,,00.000044400000,  17.60000,
,,,00.000044600000,  16.80000,
,,,00.000044800000,  17.20000,
,,,00.000045000000,  17.20000,
,,,00.000045200000,  17.60000,
,,,00.000045400000,  17.20000,
,,,00.000045600000,  17.60000,
,,,00.000045800000,  17.20000,
,,,00.000046000000,  17.20000,
,,,00.000046200000,  17.60000,
,,,00.000046400000,  17.20000,
,,,00.000046600000,  17.60000,
,,,00.000046800000,  17.60000,
,,,00.000047000000,  17.60000,
,,,00.000047200000,  17.60000,
,,,00.000047400000,  18.00000,
,,,00.000047600000,  18.00000,
,,,00.000047800000,  18.00000,
,,,00.000048000000,  18.00000,
,,,00.000048200000,  18.00000,
,,,00.000048400000,  18.40000,
,,,00.000048600000,  18.40000,
,,,00.000048800000,  18.00000,
,,,00.000049000000,  18.40000,
,,,00.000049200000,  18.40000,
,,,00.000049400000,  18.40000,
,,,00.000049600000,  18.40000,
,,,00.000049800000,  18.00000,
,,,00.000050000000,  18.40000,
,,,00.000050200000,  18.80000,
,,,00.000050400000,  18.40000,
,,,00.000050600000,  18.80000,
,,,00.000050800000,  18.80000,
,,,00.000051000000,  18.80000,
,,,00.000051200000,  18.40000,
,,,00.000051400000,  18.40000,
,,,00.000051600000,  18.80000,
,,,00.000051800000,  18.80000,
,,,00.000052000000,  19.20000,
,,,00.000052200000,  18.80000,
,,,00.000052400000,  19.60000,
,,,00.000052600000,  19.20000,
,,,00.000052800000,  19.20000,
,,,00.000053000000,  19.20000,
,,,00.000053200000,  19.20000,
,,,00.000053400000,  19.60000,
,,,00.000053600000,  19.20000,
,,,00.000053800000,  19.60000,
,,,00.000054000000,  19.60000,
,,,00.000054200000,  19.60000,
,,,00.000054400000,  19.60000,
,,,00.000054600000,  19.20000,
,,,00.000054800000,  19.20000,
,,,00.000055000000,  20.40000,
,,,00.000055200000,  19.60000,
,,,00.000055400000,  19.60000,
,,,00.000055600000,  20.00000,
,,,00.000055800000,  20.00000,
,,,00.000056000000,  20.00000,
,,,00.000056200000,  20.00000,
,,,00.000056400000,  20.00000,
,,,00.000056600000,  20.40000,
,,,00.000056800000,  20.00000,
,,,00.000057000000,  20.00000,
,,,00.000057200000,  20.00000,
,,,00.000057400000,  20.00000,
,,,00.000057600000,  20.00000,
,,,00.000057800000,  20.00000,
,,,00.000058000000,  20.00000,
,,,00.000058200000,  20.00000,
,,,00.000058400000,  20.40000,
,,,00.000058600000,  20.40000,
,,,00.000058800000,  20.40000,
,,,00.000059000000,  20.80000,
,,,00.000059200000,  20.40000,
,,,00.000059400000,  20.40000,
,,,00.000059600000,  20.80000,
,,,00.000059800000,  20.80000,
,,,00.000060000000,  20.80000,
,,,00.000060200000,  20.80000,
,,,00.000060400000,  20.40000,
,,,00.000060600000,  20.40000,
,,,00.000060800000,  20.80000,
,,,00.000061000000,  20.80000,
,,,00.000061200000,  20.80000,
,,,00.000061400000,  20.40000,
,,,00.000061600000,  21.20000,
,,,00.000061800000,  21.20000,
,,,00.000062000000,  21.20000,
,,,00.000062200000,  21.20000,
,,,00.000062400000,  21.20000,
,,,00.000062600000,  21.20000,
,,,00.000062800000,  21.20000,
,,,00.000063000000,  20.80000,
,,,00.000063200000,  20.80000,
,,,00.000063400000,  21.60000,
,,,00.000063600000,  21.20000,
,,,00.000063800000,  21.60000,
,,,00.000064000000,  21.60000,
,,,00.000064200000,  21.60000,
,,,00.000064400000,  21.20000,
,,,00.000064600000,  21.20000,
,,,00.000064800000,  21.60000,
,,,00.000065000000,  21.60000,
,,,00.000065200000,  21.60000,
,,,00.000065400000,  21.20000,
,,,00.000065600000,  21.60000,
,,,00.000065800000,  21.60000,
,,,00.000066000000,  21.60000,
,,,00.000066200000,  21.60000,
,,,00.000066400000,  22.00000,
,,,00.000066600000,  22.40000,
,,,00.000066800000,  22.00000,
,,,00.000067000000,  22.40000,
,,,00.000067200000,  22.00000,
,,,00.000067400000,  21.60000,
,,,00.000067600000,  22.40000,
,,,00.000067800000,  22.00000,
,,,00.000068000000,  21.60000,
,,,00.000068200000,  22.00000,
,,,00.000068400000,  22.00000,
,,,00.000068600000,  22.00000,
,,,00.000068800000,  22.40000,
,,,00.000069000000,  22.00000,
,,,00.000069200000,  22.00000,
,,,00.000069400000,  22.40000,
,,,00.000069600000,  21.60000,
,,,00.000069800000,  22.00000,
,,,00.000070000000,  22.40000,
,,,00.000070200000,  22.80000,
,,,00.000070400000,  23.20000,
,,,00.000070600000,  22.40000,
,,,00.000070800000,  22.80000,
,,,00.000071000000,  22.40000,
,,,00.000071200000,  22.80000,
,,,00.000071400000,  22.40000,
,,,00.000071600000,  22.80000,
,,,00.000071800000,  22.80000,
,,,00.000072000000,  23.20000,
,,,00.000072200000,  22.40000,
,,,00.000072400000,  22.80000,
,,,00.000072600000,  22.80000,
,,,00.000072800000,  23.20000,
,,,00.000073000000,  22.40000,
,,,00.000073200000,  22.80000,
,,,00.000073400000,  23.20000,
,,,00.000073600000,  22.80000,
,,,00.000073800000,  23.20000,
,,,00.000074000000,  23.20000,
,,,00.000074200000,  22.80000,
,,,00.000074400000,  22.80000,
,,,00.000074600000,  22.80000,
,,,00.000074800000,  23.20000,
,,,00.000075000000,  22.80000,
,,,00.000075200000,  23.20000,
,,,00.000075400000,  23.60000,
,,,00.000075600000,  23.60000,
,,,00.000075800000,  23.60000,
,,,00.000076000000,  23.60000,
,,,00.000076200000,  22.80000,
,,,00.000076400000,  23.20000,
,,,00.000076600000,  23.60000,
,,,00.000076800000,  22.80000,
,,,00.000077000000,  23.60000,
,,,00.000077200000,  23.60000,
,,,00.000077400000,  22.80000,
,,,00.000077600000,  23.20000,
,,,00.000077800000,  23.60000,
,,,00.000078000000,  22.80000,
,,,00.000078200000,  23.60000,
,,,00.000078400000,  23.20000,
,,,00.000078600000,  23.60000,
,,,00.000078800000,  24.00000,
,,,00.000079000000,  23.60000,
,,,00.000079200000,  23.60000,
,,,00.000079400000,  23.60000,
,,,00.000079600000,  24.00000,
,,,00.000079800000,  23.60000,
,,,00.000080000000,  23.60000,
,,,00.000080200000,  23.60000,
,,,00.000080400000,  24.00000,
,,,00.000080600000,  23.60000,
,,,00.000080800000,  24.00000,
,,,00.000081000000,  24.00000,
,,,00.000081200000,  23.60000,
,,,00.000081400000,  24.00000,
,,,00.000081600000,  24.40000,
,,,00.000081800000,  23.60000,
,,,00.000082000000,  24.00000,
,,,00.000082200000,  24.00000,
,,,00.000082400000,  24.40000,
,,,00.000082600000,  24.00000,
,,,00.000082800000,  24.00000,
,,,00.000083000000,  23.60000,
,,,00.000083200000,  24.40000,
,,,00.000083400000,  23.60000,
,,,00.000083600000,  24.40000,
,,,00.000083800000,  24.40000,
,,,00.000084000000,  24.40000,
,,,00.000084200000,  24.40000,
,,,00.000084400000,  24.40000,
,,,00.000084600000,  24.40000,
,,,00.000084800000,  24.40000,
,,,00.000085000000,  24.40000,
,,,00.000085200000,  24.40000,
,,,00.000085400000,  24.40000,
,,,00.000085600000,  24.40000,
,,,00.000085800000,  24.40000,
,,,00.000086000000,  24.40000,
,,,00.000086200000,  24.40000,
,,,00.000086400000,  24.40000,
,,,00.000086600000,  24.80000,
,,,00.000086800000,  24.40000,
,,,00.000087000000,  24.40000,
,,,00.000087200000,  24.40000,
,,,00.000087400000,  24.80000,
,,,00.000087600000,  24.40000,
,,,00.000087800000,  24.40000,
,,,00.000088000000,  24.80000,
,,,00.000088200000,  24.80000,
,,,00.000088400000,  24.80000,
,,,00.000088600000,  24.80000,
,,,00.000088800000,  24.80000,
,,,00.000089000000,  24.80000,
,,,00.000089200000,  25.20000,
,,,00.000089400000,  24.80000,
,,,00.000089600000,  25.20000,
,,,00.000089800000,  25.20000,
,,,00.000090000000,  24.80000,
,,,00.000090200000,  25.20000,
,,,00.000090400000,  24.80000,
,,,00.000090600000,  24.80000,
,,,00.000090800000,  24.80000,
,,,00.000091000000,  24.80000,
,,,00.000091200000,  24.40000,
,,,00.000091400000,  25.20000,
,,,00.000091600000,  25.20000,
,,,00.000091800000,  25.20000,
,,,00.000092000000,  24.80000,
,,,00.000092200000,  25.60000,
,,,00.000092400000,  24.80000,
,,,00.000092600000,  25.20000,
,,,00.000092800000,  25.20000,
,,,00.000093000000,  24.80000,
,,,00.000093200000,  25.20000,
,,,00.000093400000,  25.20000,
,,,00.000093600000,  25.20000,
,,,00.000093800000,  25.60000,
,,,00.000094000000,  25.20000,
,,,00.000094200000,  25.60000,
,,,00.000094400000,  25.60000,
,,,00.000094600000,  25.20000,
,,,00.000094800000,  25.60000,
,,,00.000095000000,  25.20000,
,,,00.000095200000,  25.20000,
,,,00.000095400000,  25.60000,
,,,00.000095600000,  25.20000,
,,,00.000095800000,  25.20000,
,,,00.000096000000,  25.60000,
,,,00.000096200000,  25.60000,
,,,00.000096400000,  26.00000,
,,,00.000096600000,  26.00000,
,,,00.000096800000,  25.60000,
,,,00.000097000000,  25.60000,
,,,00.000097200000,  25.60000,
,,,00.000097400000,  25.60000,
,,,00.000097600000,  25.60000,
,,,00.000097800000,  25.20000,
,,,00.000098000000,  25.60000,
,,,00.000098200000,  25.60000,
,,,00.000098400000,  25.60000,
,,,00.000098600000,  25.60000,
,,,00.000098800000,  26.00000,
,,,00.000099000000,  25.60000,
,,,00.000099200000,  26.00000,
,,,00.000099400000,  25.60000,
,,,00.000099600000,  25.60000,
,,,00.000099800000,  26.00000,
,,,00.000100000000,  25.60000,
,,,00.000100200000,  25.60000,
,,,00.000100400000,  26.00000,
,,,00.000100600000,  26.00000,
,,,00.000100800000,  25.60000,
,,,00.000101000000,  25.60000,
,,,00.000101200000,  25.60000,
,,,00.000101400000,  26.00000,
,,,00.000101600000,  26.00000,
,,,00.000101800000,  26.00000,
,,,00.000102000000,  26.00000,
,,,00.000102200000,  26.00000,
,,,00.000102400000,  26.40000,
,,,00.000102600000,  25.60000,
,,,00.000102800000,  26.00000,
,,,00.000103000000,  26.00000,
,,,00.000103200000,  26.40000,
,,,00.000103400000,  26.00000,
,,,00.000103600000,  26.00000,
,,,00.000103800000,  26.40000,
,,,00.000104000000,  26.00000,
,,,00.000104200000,  26.00000,
,,,00.000104400000,  26.00000,
,,,00.000104600000,  25.60000,
,,,00.000104800000,  26.00000,
,,,00.000105000000,  26.00000,
,,,00.000105200000,  26.40000,
,,,00.000105400000,  26.40000,
,,,00.000105600000,  26.40000,
,,,00.000105800000,  25.60000,
,,,00.000106000000,  26.00000,
,,,00.000106200000,  26.00000,
,,,00.000106400000,  26.40000,
,,,00.000106600000,  26.40000,
,,,00.000106800000,  26.00000,
,,,00.000107000000,  26.40000,
,,,00.000107200000,  26.00000,
,,,00.000107400000,  26.00000,
,,,00.000107600000,  26.00000,
,,,00.000107800000,  26.40000,
,,,00.000108000000,  26.80000,
,,,00.000108200000,  26.40000,
,,,00.000108400000,  26.40000,
,,,00.000108600000,  26.80000,
,,,00.000108800000,  26.80000,
,,,00.000109000000,  26.40000,
,,,00.000109200000,  26.40000,
,,,00.000109400000,  26.00000,
,,,00.000109600000,  26.40000,
,,,00.000109800000,  26.40000,
,,,00.000110000000,  26.40000,
,,,00.000110200000,  26.40000,
,,,00.000110400000,  26.40000,
,,,00.000110600000,  26.40000,
,,,00.000110800000,  26.00000,
,,,00.000111000000,  26.00000,
,,,00.000111200000,  26.40000,
,,,00.000111400000,  26.80000,
,,,00.000111600000,  26.40000,
,,,00.000111800000,  26.80000,
,,,00.000112000000,  26.40000,
,,,00.000112200000,  26.40000,
,,,00.000112400000,  26.40000,
,,,00.000112600000,  26.40000,
,,,00.000112800000,  26.40000,
,,,00.000113000000,  26.40000,
,,,00.000113200000,  26.40000,
,,,00.000113400000,  26.40000,
,,,00.000113600000,  26.80000,
,,,00.000113800000,  26.00000,
,,,00.000114000000,  26.40000,
,,,00.000114200000,  26.40000,
,,,00.000114400000,  26.40000,
,,,00.000114600000,  26.80000,
,,,00.000114800000,  26.40000,
,,,00.000115000000,  26.80000,
,,,00.000115200000,  26.80000,
,,,00.000115400000,  26.40000,
,,,00.000115600000,  27.20000,
,,,00.000115800000,  26.80000,
,,,00.000116000000,  26.40000,
,,,00.000116200000,  26.80000,
,,,00.000116400000,  26.40000,
,,,00.000116600000,  26.80000,
,,,00.000116800000,  26.80000,
,,,00.000117000000,  26.80000,
,,,00.000117200000,  26.40000,
,,,00.000117400000,  27.20000,
,,,00.000117600000,  26.40000,
,,,00.000117800000,  26.40000,
,,,00.000118000000,  26.80000,
,,,00.000118200000,  26.80000,
,,,00.000118400000,  26.80000,
,,,00.000118600000,  26.80000,
,,,00.000118800000,  26.40000,
,,,00.000119000000,  27.20000,
,,,00.000119200000,  26.40000,
,,,00.000119400000,  26.80000,
,,,00.000119600000,  27.20000,
,,,00.000119800000,  26.80000,
,,,00.000120000000,  26.40000,
,,,00.000120200000,  26.40000,
,,,00.000120400000,  26.80000,
,,,00.000120600000,  26.80000,
,,,00.000120800000,  26.80000,
,,,00.000121000000,  26.80000,
,,,00.000121200000,  27.20000,
,,,00.000121400000,  26.80000,
,,,00.000121600000,  26.80000,
,,,00.000121800000,  26.80000,
,,,00.000122000000,  26.80000,
,,,00.000122200000,  27.20000,
,,,00.000122400000,  26.40000,
,,,00.000122600000,  26.80000,
,,,00.000122800000,  26.80000,
,,,00.000123000000,  26.80000,
,,,00.000123200000,  26.80000,
,,,00.000123400000,  26.80000,
,,,00.000123600000,  27.20000,
,,,00.000123800000,  26.80000,
,,,00.000124000000,  26.80000,
,,,00.000124200000,  26.80000,
,,,00.000124400000,  27.20000,
,,,00.000124600000,  26.80000,
,,,00.000124800000,  27.20000,
,,,00.000125000000,  27.20000,
,,,00.000125200000,  26.80000,
,,,00.000125400000,  27.20000,
,,,00.000125600000,  26.80000,
,,,00.000125800000,  26.80000,
,,,00.000126000000,  26.80000,
,,,00.000126200000,  27.20000,
,,,00.000126400000,  26.80000,
,,,00.000126600000,  27.20000,
,,,00.000126800000,  27.20000,
,,,00.000127000000,  26.80000,
,,,00.000127200000,  26.80000,
,,,00.000127400000,  26.40000,
,,,00.000127600000,  27.20000,
,,,00.000127800000,  27.20000,
,,,00.000128000000,  27.20000,
,,,00.000128200000,  27.20000,
,,,00.000128400000,  26.80000,
,,,00.000128600000,  27.20000,
,,,00.000128800000,  26.80000,
,,,00.000129000000,  27.20000,
,,,00.000129200000,  26.40000,
,,,00.000129400000,  27.20000,
,,,00.000129600000,  26.80000,
,,,00.000129800000,  26.80000,
,,,00.000130000000,  27.20000,
,,,00.000130200000,  27.20000,
,,,00.000130400000,  26.80000,
,,,00.000130600000,  26.40000,
,,,00.000130800000,  26.40000,
,,,00.000131000000,  27.20000,
,,,00.000131200000,  26.80000,
,,,00.000131400000,  26.40000,
,,,00.000131600000,  27.20000,
,,,00.000131800000,  26.40000,
,,,00.000132000000,  26.80000,
,,,00.000132200000,  27.20000,
,,,00.000132400000,  26.40000,
,,,00.000132600000,  27.20000,
,,,00.000132800000,  26.40000,
,,,00.000133000000,  26.80000,
,,,00.000133200000,  26.40000,
,,,00.000133400000,  26.80000,
,,,00.000133600000,  26.80000,
,,,00.000133800000,  26.80000,
,,,00.000134000000,  26.80000,
,,,00.000134200000,  26.80000,
,,,00.000134400000,  26.80000,
,,,00.000134600000,  27.20000,
,,,00.000134800000,  27.20000,
,,,00.000135000000,  26.80000,
,,,00.000135200000,  26.80000,
,,,00.000135400000,  26.80000,
,,,00.000135600000,  27.20000,
,,,00.000135800000,  26.80000,
,,,00.000136000000,  26.80000,
,,,00.000136200000,  26.80000,
,,,00.000136400000,  26.80000,
,,,00.000136600000,  27.20000,
,,,00.000136800000,  27.20000,
,,,00.000137000000,  27.20000,
,,,00.000137200000,  26.80000,
,,,00.000137400000,  26.40000,
,,,00.000137600000,  26.80000,
,,,00.000137800000,  26.80000,
,,,00.000138000000,  26.80000,
,,,00.000138200000,  26.80000,
,,,00.000138400000,  26.80000,
,,,00.000138600000,  26.80000,
,,,00.000138800000,  26.80000,
,,,00.000139000000,  27.20000,
,,,00.000139200000,  26.80000,
,,,00.000139400000,  26.80000,
,,,00.000139600000,  26.80000,
,,,00.000139800000,  26.80000,
,,,00.000140000000,  26.40000,
,,,00.000140200000,  26.80000,
,,,00.000140400000,  26.80000,
,,,00.000140600000,  26.40000,
,,,00.000140800000,  26.80000,
,,,00.000141000000,  27.20000,
,,,00.000141200000,  26.80000,
,,,00.000141400000,  26.80000,
,,,00.000141600000,  26.80000,
,,,00.000141800000,  27.20000,
,,,00.000142000000,  26.80000,
,,,00.000142200000,  26.40000,
,,,00.000142400000,  26.80000,
,,,00.000142600000,  27.20000,
,,,00.000142800000,  26.40000,
,,,00.000143000000,  26.80000,
,,,00.000143200000,  26.80000,
,,,00.000143400000,  26.80000,
,,,00.000143600000,  26.80000,
,,,00.000143800000,  26.80000,
,,,00.000144000000,  26.80000,
,,,00.000144200000,  26.80000,
,,,00.000144400000,  27.20000,
,,,00.000144600000,  26.80000,
,,,00.000144800000,  27.20000,
,,,00.000145000000,  27.20000,
,,,00.000145200000,  27.20000,
,,,00.000145400000,  26.80000,
,,,00.000145600000,  26.40000,
,,,00.000145800000,  26.80000,
,,,00.000146000000,  26.80000,
,,,00.000146200000,  26.80000,
,,,00.000146400000,  26.80000,
,,,00.000146600000,  26.40000,
,,,00.000146800000,  26.80000,
,,,00.000147000000,  26.80000,
,,,00.000147200000,  26.40000,
,,,00.000147400000,  26.40000,
,,,00.000147600000,  26.80000,
,,,00.000147800000,  26.80000,
,,,00.000148000000,  26.80000,
,,,00.000148200000,  26.80000,
,,,00.000148400000,  26.40000,
,,,00.000148600000,  27.20000,
,,,00.000148800000,  26.80000,
,,,00.000149000000,  26.40000,
,,,00.000149200000,  26.40000,
,,,00.000149400000,  26.80000,
,,,00.000149600000,  26.80000,
,,,00.000149800000,  26.40000,
,,,00.000150000000,  26.80000,
,,,00.000150200000,  26.40000,
,,,00.000150400000,  26.40000,
,,,00.000150600000,  26.40000,
,,,00.000150800000,  26.40000,
,,,00.000151000000,  26.80000,
,,,00.000151200000,  26.00000,
,,,00.000151400000,  26.80000,
,,,00.000151600000,  26.40000,
,,,00.000151800000,  26.40000,
,,,00.000152000000,  26.80000,
,,,00.000152200000,  26.40000,
,,,00.000152400000,  26.40000,
,,,00.000152600000,  26.00000,
,,,00.000152800000,  26.40000,
,,,00.000153000000,  26.40000,
,,,00.000153200000,  26.40000,
,,,00.000153400000,  26.00000,
,,,00.000153600000,  26.40000,
,,,00.000153800000,  26.80000,
,,,00.000154000000,  26.40000,
,,,00.000154200000,  26.80000,
,,,00.000154400000,  26.40000,
,,,00.000154600000,  26.80000,
,,,00.000154800000,  26.80000,
,,,00.000155000000,  26.40000,
,,,00.000155200000,  26.40000,
,,,00.000155400000,  26.40000,
,,,00.000155600000,  26.40000,
,,,00.000155800000,  26.40000,
,,,00.000156000000,  26.80000,
,,,00.000156200000,  26.40000,
,,,00.000156400000,  26.40000,
,,,00.000156600000,  26.00000,
,,,00.000156800000,  26.00000,
,,,00.000157000000,  26.40000,
,,,00.000157200000,  26.00000,
,,,00.000157400000,  26.40000,
,,,00.000157600000,  26.40000,
,,,00.000157800000,  26.40000,
,,,00.000158000000,  26.00000,
,,,00.000158200000,  26.00000,
,,,00.000158400000,  26.40000,
,,,00.000158600000,  26.40000,
,,,00.000158800000,  26.00000,
,,,00.000159000000,  26.00000,
,,,00.000159200000,  26.00000,
,,,00.000159400000,  26.00000,
,,,00.000159600000,  26.00000,
,,,00.000159800000,  26.00000,
,,,00.000160000000,  26.40000,
,,,00.000160200000,  26.00000,
,,,00.000160400000,  26.40000,
,,,00.000160600000,  26.40000,
,,,00.000160800000,  26.80000,
,,,00.000161000000,  26.40000,
,,,00.000161200000,  25.60000,
,,,00.000161400000,  26.00000,
,,,00.000161600000,  26.00000,
,,,00.000161800000,  26.00000,
,,,00.000162000000,  25.60000,
,,,00.000162200000,  26.00000,
,,,00.000162400000,  26.40000,
,,,00.000162600000,  26.40000,
,,,00.000162800000,  26.40000,
,,,00.000163000000,  26.00000,
,,,00.000163200000,  26.00000,
,,,00.000163400000,  26.00000,
,,,00.000163600000,  26.00000,
,,,00.000163800000,  25.60000,
,,,00.000164000000,  26.00000,
,,,00.000164200000,  26.00000,
,,,00.000164400000,  26.00000,
,,,00.000164600000,  26.00000,
,,,00.000164800000,  26.40000,
,,,00.000165000000,  26.00000,
,,,00.000165200000,  26.00000,
,,,00.000165400000,  26.00000,
,,,00.000165600000,  26.00000,
,,,00.000165800000,  26.00000,
,,,00.000166000000,  26.00000,
,,,00.000166200000,  25.60000,
,,,00.000166400000,  25.60000,
,,,00.000166600000,  26.00000,
,,,00.000166800000,  26.00000,
,,,00.000167000000,  25.60000,
,,,00.000167200000,  26.00000,
,,,00.000167400000,  26.40000,
,,,00.000167600000,  26.00000,
,,,00.000167800000,  26.00000,
,,,00.000168000000,  25.60000,
,,,00.000168200000,  25.60000,
,,,00.000168400000,  25.60000,
,,,00.000168600000,  25.60000,
,,,00.000168800000,  25.60000,
,,,00.000169000000,  25.60000,
,,,00.000169200000,  26.00000,
,,,00.000169400000,  25.20000,
,,,00.000169600000,  25.60000,
,,,00.000169800000,  25.60000,
,,,00.000170000000,  25.60000,
,,,00.000170200000,  25.60000,
,,,00.000170400000,  25.20000,
,,,00.000170600000,  25.60000,
,,,00.000170800000,  25.60000,
,,,00.000171000000,  26.00000,
,,,00.000171200000,  26.00000,
,,,00.000171400000,  25.60000,
,,,00.000171600000,  25.20000,
,,,00.000171800000,  25.60000,
,,,00.000172000000,  25.20000,
,,,00.000172200000,  25.20000,
,,,00.000172400000,  25.60000,
,,,00.000172600000,  25.20000,
,,,00.000172800000,  25.20000,
,,,00.000173000000,  25.60000,
,,,00.000173200000,  25.20000,
,,,00.000173400000,  25.20000,
,,,00.000173600000,  26.00000,
,,,00.000173800000,  25.20000,
,,,00.000174000000,  25.60000,
,,,00.000174200000,  25.60000,
,,,00.000174400000,  26.00000,
,,,00.000174600000,  25.60000,
,,,00.000174800000,  25.20000,
,,,00.000175000000,  25.20000,
,,,00.000175200000,  25.20000,
,,,00.000175400000,  25.20000,
,,,00.000175600000,  25.60000,
,,,00.000175800000,  25.20000,
,,,00.000176000000,  25.60000,
,,,00.000176200000,  25.60000,
,,,00.000176400000,  25.20000,
,,,00.000176600000,  25.20000,
,,,00.000176800000,  25.20000,
,,,00.000177000000,  24.80000,
,,,00.000177200000,  25.20000,
,,,00.000177400000,  25.20000,
,,,00.000177600000,  24.80000,
,,,00.000177800000,  24.80000,
,,,00.000178000000,  25.20000,
,,,00.000178200000,  25.20000,
,,,00.000178400000,  25.20000,
,,,00.000178600000,  24.80000,
,,,00.000178800000,  24.80000,
,,,00.000179000000,  25.20000,
,,,00.000179200000,  25.20000,
,,,00.000179400000,  24.80000,
,,,00.000179600000,  24.80000,
,,,00.000179800000,  24.80000,
,,,00.000180000000,  24.80000,
,,,00.000180200000,  24.80000,
,,,00.000180400000,  24.80000,
,,,00.000180600000,  24.80000,
,,,00.000180800000,  25.20000,
,,,00.000181000000,  24.80000,
,,,00.000181200000,  24.80000,
,,,00.000181400000,  25.20000,
,,,00.000181600000,  24.80000,
,,,00.000181800000,  24.80000,
,,,00.000182000000,  24.80000,
,,,00.000182200000,  24.80000,
,,,00.000182400000,  24.80000,
,,,00.000182600000,  24.80000,
,,,00.000182800000,  24.80000,
,,,00.000183000000,  24.80000,
,,,00.000183200000,  24.80000,
,,,00.000183400000,  24.40000,
,,,00.000183600000,  24.40000,
,,,00.000183800000,  24.80000,
,,,00.000184000000,  24.40000,
,,,00.000184200000,  24.80000,
,,,00.000184400000,  24.80000,
,,,00.000184600000,  24.80000,
,,,00.000184800000,  24.40000,
,,,00.000185000000,  24.40000,
,,,00.000185200000,  24.80000,
,,,00.000185400000,  24.80000,
,,,00.000185600000,  24.40000,
,,,00.000185800000,  24.40000,
,,,00.000186000000,  24.40000,
,,,00.000186200000,  24.40000,
,,,00.000186400000,  24.80000,
,,,00.000186600000,  24.40000,
,,,00.000186800000,  24.00000,
,,,00.000187000000,  24.80000,
,,,00.000187200000,  24.80000,
,,,00.000187400000,  24.40000,
,,,00.000187600000,  24.00000,
,,,00.000187800000,  24.40000,
,,,00.000188000000,  24.40000,
,,,00.000188200000,  24.00000,
,,,00.000188400000,  24.40000,
,,,00.000188600000,  24.00000,
,,,00.000188800000,  24.00000,
,,,00.000189000000,  24.00000,
,,,00.000189200000,  24.00000,
,,,00.000189400000,  24.40000,
,,,00.000189600000,  24.40000,
,,,00.000189800000,  24.40000,
,,,00.000190000000,  24.40000,
,,,00.000190200000,  24.00000,
,,,00.000190400000,  24.40000,
,,,00.000190600000,  24.00000,
,,,00.000190800000,  24.00000,
,,,00.000191000000,  24.40000,
,,,00.000191200000,  24.40000,
,,,00.000191400000,  23.60000,
,,,00.000191600000,  24.40000,
,,,00.000191800000,  23.60000,
,,,00.000192000000,  24.00000,
,,,00.000192200000,  24.00000,
,,,00.000192400000,  23.60000,
,,,00.000192600000,  24.00000,
,,,00.000192800000,  24.00000,
,,,00.000193000000,  23.60000,
,,,00.000193200000,  23.60000,
,,,00.000193400000,  24.40000,
,,,00.000193600000,  24.00000,
,,,00.000193800000,  23.60000,
,,,00.000194000000,  23.60000,
,,,00.000194200000,  23.60000,
,,,00.000194400000,  24.00000,
,,,00.000194600000,  24.00000,
,,,00.000194800000,  23.60000,
,,,00.000195000000,  24.00000,
,,,00.000195200000,  23.60000,
,,,00.000195400000,  23.60000,
,,,00.000195600000,  23.60000,
,,,00.000195800000,  23.60000,
,,,00.000196000000,  23.60000,
,,,00.000196200000,  23.60000,
,,,00.000196400000,  23.20000,
,,,00.000196600000,  23.60000,
,,,00.000196800000,  23.20000,
,,,00.000197000000,  23.20000,
,,,00.000197200000,  23.20000,
,,,00.000197400000,  23.20000,
,,,00.000197600000,  23.20000,
,,,00.000197800000,  24.00000,
,,,00.000198000000,  23.60000,
,,,00.000198200000,  23.60000,
,,,00.000198400000,  23.20000,
,,,00.000198600000,  23.20000,
,,,00.000198800000,  23.20000,
,,,00.000199000000,  23.20000,
,,,00.000199200000,  23.20000,
,,,00.000199400000,  23.20000,
,,,00.000199600000,  23.20000,
,,,00.000199800000,  23.20000,
,,,00.000200000000,  22.80000,
,,,00.000200200000,  23.20000,
,,,00.000200400000,  23.60000,
,,,00.000200600000,  23.20000,
,,,00.000200800000,  23.20000,
,,,00.000201000000,  23.20000,
,,,00.000201200000,  23.20000,
,,,00.000201400000,  23.20000,
,,,00.000201600000,  22.80000,
,,,00.000201800000,  22.80000,
,,,00.000202000000,  23.60000,
,,,00.000202200000,  23.20000,
,,,00.000202400000,  22.80000,
,,,00.000202600000,  22.80000,
,,,00.000202800000,  22.80000,
,,,00.000203000000,  23.20000,
,,,00.000203200000,  22.80000,
,,,00.000203400000,  22.40000,
,,,00.000203600000,  23.20000,
,,,00.000203800000,  22.80000,
,,,00.000204000000,  22.00000,
,,,00.000204200000,  22.80000,
,,,00.000204400000,  22.80000,
,,,00.000204600000,  22.80000,
,,,00.000204800000,  22.80000,
,,,00.000205000000,  22.40000,
,,,00.000205200000,  22.40000,
,,,00.000205400000,  22.80000,
,,,00.000205600000,  22.40000,
,,,00.000205800000,  22.40000,
,,,00.000206000000,  22.40000,
,,,00.000206200000,  23.20000,
,,,00.000206400000,  22.40000,
,,,00.000206600000,  22.40000,
,,,00.000206800000,  22.40000,
,,,00.000207000000,  23.20000,
,,,00.000207200000,  22.80000,
,,,00.000207400000,  22.40000,
,,,00.000207600000,  22.00000,
,,,00.000207800000,  22.40000,
,,,00.000208000000,  22.00000,
,,,00.000208200000,  22.40000,
,,,00.000208400000,  22.40000,
,,,00.000208600000,  22.40000,
,,,00.000208800000,  22.80000,
,,,00.000209000000,  22.40000,
,,,00.000209200000,  22.40000,
,,,00.000209400000,  22.40000,
,,,00.000209600000,  22.00000,
,,,00.000209800000,  22.00000,
,,,00.000210000000,  22.00000,
,,,00.000210200000,  22.40000,
,,,00.000210400000,  22.00000,
,,,00.000210600000,  22.40000,
,,,00.000210800000,  22.00000,
,,,00.000211000000,  22.00000,
,,,00.000211200000,  22.00000,
,,,00.000211400000,  21.60000,
,,,00.000211600000,  21.60000,
,,,00.000211800000,  21.60000,
,,,00.000212000000,  22.40000,
,,,00.000212200000,  22.00000,
,,,00.000212400000,  22.00000,
,,,00.000212600000,  22.00000,
,,,00.000212800000,  22.00000,
,,,00.000213000000,  21.60000,
,,,00.000213200000,  21.20000,
,,,00.000213400000,  22.00000,
,,,00.000213600000,  21.60000,
,,,00.000213800000,  22.00000,
,,,00.000214000000,  22.40000,
,,,00.000214200000,  21.60000,
,,,00.000214400000,  22.00000,
,,,00.000214600000,  22.40000,
,,,00.000214800000,  21.60000,
,,,00.000215000000,  22.00000,
,,,00.000215200000,  22.00000,
,,,00.000215400000,  22.00000,
,,,00.000215600000,  22.00000,
,,,00.000215800000,  21.60000,
,,,00.000216000000,  22.00000,
,,,00.000216200000,  21.20000,
,,,00.000216400000,  21.20000,
,,,00.000216600000,  20.80000,
,,,00.000216800000,  21.20000,
,,,00.000217000000,  21.60000,
,,,00.000217200000,  21.60000,
,,,00.000217400000,  21.60000,
,,,00.000217600000,  21.20000,
,,,00.000217800000,  21.60000,
,,,00.000218000000,  21.60000,
,,,00.000218200000,  21.20000,
,,,00.000218400000,  21.60000,
,,,00.000218600000,  21.60000,
,,,00.000218800000,  21.60000,
,,,00.000219000000,  21.20000,
,,,00.000219200000,  21.20000,
,,,00.000219400000,  21.20000,
,,,00.000219600000,  21.20000,
,,,00.000219800000,  21.20000,
,,,00.000220000000,  21.20000,
,,,00.000220200000,  21.60000,
,,,00.000220400000,  21.20000,
,,,00.000220600000,  21.20000,
,,,00.000220800000,  21.20000,
,,,00.000221000000,  21.60000,
,,,00.000221200000,  20.80000,
,,,00.000221400000,  20.80000,
,,,00.000221600000,  20.80000,
,,,00.000221800000,  21.60000,
,,,00.000222000000,  21.20000,
,,,00.000222200000,  20.80000,
,,,00.000222400000,  20.80000,
,,,00.000222600000,  21.20000,
,,,00.000222800000,  20.80000,
,,,00.000223000000,  20.40000,
,,,00.000223200000,  20.00000,
,,,00.000223400000,  20.80000,
,,,00.000223600000,  20.80000,
,,,00.000223800000,  20.40000,
,,,00.000224000000,  20.80000,
,,,00.000224200000,  20.40000,
,,,00.000224400000,  20.80000,
,,,00.000224600000,  20.40000,
,,,00.000224800000,  20.80000,
,,,00.000225000000,  20.80000,
,,,00.000225200000,  20.80000,
,,,00.000225400000,  20.80000,
,,,00.000225600000,  20.40000,
,,,00.000225800000,  20.40000,
,,,00.000226000000,  20.80000,
,,,00.000226200000,  20.40000,
,,,00.000226400000,  20.40000,
,,,00.000226600000,  20.40000,
,,,00.000226800000,  20.40000,
,,,00.000227000000,  20.80000,
,,,00.000227200000,  20.80000,
,,,00.000227400000,  20.80000,
,,,00.000227600000,  20.80000,
,,,00.000227800000,  20.00000,
,,,00.000228000000,  20.40000,
,,,00.000228200000,  20.00000,
,,,00.000228400000,  20.00000,
,,,00.000228600000,  20.40000,
,,,00.000228800000,  20.80000,
,,,00.000229000000,  20.00000,
,,,00.000229200000,  20.80000,
,,,00.000229400000,  20.00000,
,,,00.000229600000,  20.00000,
,,,00.000229800000,  20.00000,
,,,00.000230000000,  20.00000,
,,,00.000230200000,  19.60000,
,,,00.000230400000,  20.00000,
,,,00.000230600000,  20.00000,
,,,00.000230800000,  20.00000,
,,,00.000231000000,  20.00000,
,,,00.000231200000,  20.00000,
,,,00.000231400000,  19.60000,
,,,00.000231600000,  20.00000,
,,,00.000231800000,  19.60000,
,,,00.000232000000,  19.60000,
,,,00.000232200000,  19.20000,
,,,00.000232400000,  20.00000,
,,,00.000232600000,  19.60000,
,,,00.000232800000,  19.60000,
,,,00.000233000000,  19.60000,
,,,00.000233200000,  20.00000,
,,,00.000233400000,  20.00000,
,,,00.000233600000,  19.60000,
,,,00.000233800000,  19.60000,
,,,00.000234000000,  19.60000,
,,,00.000234200000,  19.60000,
,,,00.000234400000,  20.00000,
,,,00.000234600000,  19.20000,
,,,00.000234800000,  19.60000,
,,,00.000235000000,  20.00000,
,,,00.000235200000,  19.60000,
,,,00.000235400000,  19.60000,
,,,00.000235600000,  19.60000,
,,,00.000235800000,  19.20000,
,,,00.000236000000,  19.20000,
,,,00.000236200000,  19.20000,
,,,00.000236400000,  18.80000,
,,,00.000236600000,  19.20000,
,,,00.000236800000,  19.20000,
,,,00.000237000000,  19.20000,
,,,00.000237200000,  19.20000,
,,,00.000237400000,  19.20000,
,,,00.000237600000,  19.20000,
,,,00.000237800000,  19.20000,
,,,00.000238000000,  18.80000,
,,,00.000238200000,  19.60000,
,,,00.000238400000,  18.80000,
,,,00.000238600000,  18.80000,
,,,00.000238800000,  18.80000,
,,,00.000239000000,  19.20000,
,,,00.000239200000,  18.80000,
,,,00.000239400000,  18.80000,
,,,00.000239600000,  18.40000,
,,,00.000239800000,  19.20000,
,,,00.000240000000,  18.80000,
,,,00.000240200000,  19.20000,
,,,00.000240400000,  19.20000,
,,,00.000240600000,  18.80000,
,,,00.000240800000,  19.20000,
,,,00.000241000000,  18.40000,
,,,00.000241200000,  18.40000,
,,,00.000241400000,  18.40000,
,,,00.000241600000,  19.20000,
,,,00.000241800000,  18.80000,
,,,00.000242000000,  19.20000,
,,,00.000242200000,  18.80000,
,,,00.000242400000,  19.20000,
,,,00.000242600000,  18.80000,
,,,00.000242800000,  18.40000,
,,,00.000243000000,  18.00000,
,,,00.000243200000,  18.40000,
,,,00.000243400000,  18.40000,
,,,00.000243600000,  18.00000,
,,,00.000243800000,  18.80000,
,,,00.000244000000,  18.40000,
,,,00.000244200000,  18.40000,
,,,00.000244400000,  18.40000,
,,,00.000244600000,  18.00000,
,,,00.000244800000,  18.40000,
,,,00.000245000000,  18.80000,
,,,00.000245200000,  18.00000,
,,,00.000245400000,  18.00000,
,,,00.000245600000,  18.00000,
,,,00.000245800000,  18.80000,
,,,00.000246000000,  18.00000,
,,,00.000246200000,  17.60000,
,,,00.000246400000,  18.40000,
,,,00.000246600000,  18.00000,
,,,00.000246800000,  18.00000,
,,,00.000247000000,  18.00000,
,,,00.000247200000,  18.40000,
,,,00.000247400000,  18.40000,
,,,00.000247600000,  17.60000,
,,,00.000247800000,  17.60000,
,,,00.000248000000,  17.20000,
,,,00.000248200000,  17.60000,
,,,00.000248400000,  18.00000,
,,,00.000248600000,  18.00000,
,,,00.000248800000,  17.60000,
,,,00.000249000000,  17.60000,
,,,00.000249200000,  17.60000,
,,,00.000249400000,  17.60000,
,,,00.000249600000,  17.60000,
,,,00.000249800000,  17.60000,
,,,00.000250000000,  17.60000,
,,,00.000250200000,  18.00000,
,,,00.000250400000,  18.40000,
,,,00.000250600000,  17.20000,
,,,00.000250800000,  18.00000,
,,,00.000251000000,  18.00000,
,,,00.000251200000,  17.20000,
,,,00.000251400000,  17.60000,
,,,00.000251600000,  18.00000,
,,,00.000251800000,  17.20000,
,,,00.000252000000,  17.60000,
,,,00.000252200000,  17.20000,
,,,00.000252400000,  17.60000,
,,,00.000252600000,  17.20000,
,,,00.000252800000,  17.20000,
,,,00.000253000000,  17.20000,
,,,00.000253200000,  17.20000,
,,,00.000253400000,  17.20000,
,,,00.000253600000,  17.20000,
,,,00.000253800000,  17.60000,
,,,00.000254000000,  17.60000,
,,,00.000254200000,  17.60000,
,,,00.000254400000,  17.20000,
,,,00.000254600000,  16.40000,
,,,00.000254800000,  17.20000,
,,,00.000255000000,  17.20000,
,,,00.000255200000,  17.20000,
,,,00.000255400000,  17.20000,
,,,00.000255600000,  16.80000,
,,,00.000255800000,  16.80000,
,,,00.000256000000,  16.80000,
,,,00.000256200000,  16.00000,
,,,00.000256400000,  17.20000,
,,,00.000256600000,  17.20000,
,,,00.000256800000,  16.80000,
,,,00.000257000000,  16.80000,
,,,00.000257200000,  17.20000,
,,,00.000257400000,  16.80000,
,,,00.000257600000,  16.80000,
,,,00.000257800000,  16.40000,
,,,00.000258000000,  16.80000,
,,,00.000258200000,  16.80000,
,,,00.000258400000,  16.40000,
,,,00.000258600000,  16.80000,
,,,00.000258800000,  16.40000,
,,,00.000259000000,  17.20000,
,,,00.000259200000,  16.80000,
,,,00.000259400000,  16.40000,
,,,00.000259600000,  17.20000,
,,,00.000259800000,  16.40000,
,,,00.000260000000,  16.80000,
,,,00.000260200000,  16.80000,
,,,00.000260400000,  16.80000,
,,,00.000260600000,  16.80000,
,,,00.000260800000,  16.80000,
,,,00.000261000000,  16.00000,
,,,00.000261200000,  16.00000,
,,,00.000261400000,  16.80000,
,,,00.000261600000,  16.40000,
,,,00.000261800000,  16.80000,
,,,00.000262000000,  16.40000,
,,,00.000262200000,  16.80000,
,,,00.000262400000,  16.40000,
,,,00.000262600000,  16.00000,
,,,00.000262800000,  16.00000,
,,,00.000263000000,  16.40000,
,,,00.000263200000,  16.00000,
,,,00.000263400000,  16.00000,
,,,00.000263600000,  16.00000,
,,,00.000263800000,  16.40000,
,,,00.000264000000,  16.00000,
,,,00.000264200000,  16.00000,
,,,00.000264400000,  16.00000,
,,,00.000264600000,  16.00000,
,,,00.000264800000,  16.00000,
,,,00.000265000000,  16.00000,
,,,00.000265200000,  15.60000,
,,,00.000265400000,  16.40000,
,,,00.000265600000,  16.00000,
,,,00.000265800000,  15.60000,
,,,00.000266000000,  15.20000,
,,,00.000266200000,  15.60000,
,,,00.000266400000,  16.40000,
,,,00.000266600000,  16.40000,
,,,00.000266800000,  15.60000,
,,,00.000267000000,  16.00000,
,,,00.000267200000,  15.60000,
,,,00.000267400000,  15.20000,
,,,00.000267600000,  15.60000,
,,,00.000267800000,  15.20000,
,,,00.000268000000,  15.60000,
,,,00.000268200000,  16.00000,
,,,00.000268400000,  15.60000,
,,,00.000268600000,  15.60000,
,,,00.000268800000,  15.60000,
,,,00.000269000000,  15.60000,
,,,00.000269200000,  15.20000,
,,,00.000269400000,  15.20000,
,,,00.000269600000,  15.60000,
,,,00.000269800000,  16.00000,
,,,00.000270000000,  15.60000,
,,,00.000270200000,  15.60000,
,,,00.000270400000,  15.60000,
,,,00.000270600000,  15.20000,
,,,00.000270800000,  15.20000,
,,,00.000271000000,  14.80000,
,,,00.000271200000,  15.20000,
,,,00.000271400000,  15.20000,
,,,00.000271600000,  14.80000,
,,,00.000271800000,  15.20000,
,,,00.000272000000,  14.80000,
,,,00.000272200000,  15.20000,
,,,00.000272400000,  14.80000,
,,,00.000272600000,  14.80000,
,,,00.000272800000,  15.20000,
,,,00.000273000000,  14.80000,
,,,00.000273200000,  14.80000,
,,,00.000273400000,  14.80000,
,,,00.000273600000,  15.20000,
,,,00.000273800000,  15.20000,
,,,00.000274000000,  14.40000,
,,,00.000274200000,  14.40000,
,,,00.000274400000,  15.20000,
,,,00.000274600000,  15.20000,
,,,00.000274800000,  14.80000,
,,,00.000275000000,  14.80000,
,,,00.000275200000,  14.80000,
,,,00.000275400000,  14.80000,
,,,00.000275600000,  14.40000,
,,,00.000275800000,  14.40000,
,,,00.000276000000,  14.00000,
,,,00.000276200000,  14.40000,
,,,00.000276400000,  14.40000,
,,,00.000276600000,  14.40000,
,,,00.000276800000,  14.80000,
,,,00.000277000000,  14.80000,
,,,00.000277200000,  14.40000,
,,,00.000277400000,  14.00000,
,,,00.000277600000,  14.00000,
,,,00.000277800000,  14.80000,
,,,00.000278000000,  14.40000,
,,,00.000278200000,  14.40000,
,,,00.000278400000,  14.40000,
,,,00.000278600000,  14.80000,
,,,00.000278800000,  14.40000,
,,,00.000279000000,  14.40000,
,,,00.000279200000,  13.60000,
,,,00.000279400000,  14.40000,
,,,00.000279600000,  14.80000,
,,,00.000279800000,  14.80000,
,,,00.000280000000,  14.00000,
,,,00.000280200000,  14.00000,
,,,00.000280400000,  14.40000,
,,,00.000280600000,  14.00000,
,,,00.000280800000,  14.00000,
,,,00.000281000000,  14.00000,
,,,00.000281200000,  14.40000,
,,,00.000281400000,  14.00000,
,,,00.000281600000,  14.40000,
,,,00.000281800000,  14.00000,
,,,00.000282000000,  14.80000,
,,,00.000282200000,  14.00000,
,,,00.000282400000,  13.60000,
,,,00.000282600000,  13.20000,
,,,00.000282800000,  14.00000,
,,,00.000283000000,  13.60000,
,,,00.000283200000,  13.60000,
,,,00.000283400000,  14.00000,
,,,00.000283600000,  14.40000,
,,,00.000283800000,  14.00000,
,,,00.000284000000,  13.60000,
,,,00.000284200000,  13.60000,
,,,00.000284400000,  14.00000,
,,,00.000284600000,  14.00000,
,,,00.000284800000,  13.20000,
,,,00.000285000000,  13.60000,
,,,00.000285200000,  13.60000,
,,,00.000285400000,  13.20000,
,,,00.000285600000,  13.60000,
,,,00.000285800000,  13.20000,
,,,00.000286000000,  13.60000,
,,,00.000286200000,  13.20000,
,,,00.000286400000,  13.60000,
,,,00.000286600000,  13.20000,
,,,00.000286800000,  13.60000,
,,,00.000287000000,  13.20000,
,,,00.000287200000,  13.20000,
,,,00.000287400000,  13.20000,
,,,00.000287600000,  13.60000,
,,,00.000287800000,  13.20000,
,,,00.000288000000,  13.20000,
,,,00.000288200000,  13.60000,
,,,00.000288400000,  12.80000,
,,,00.000288600000,  13.20000,
,,,00.000288800000,  13.20000,
,,,00.000289000000,  13.20000,
,,,00.000289200000,  12.80000,
,,,00.000289400000,  13.20000,
,,,00.000289600000,  13.20000,
,,,00.000289800000,  13.20000,
,,,00.000290000000,  13.20000,
,,,00.000290200000,  12.80000,
,,,00.000290400000,  12.80000,
,,,00.000290600000,  12.80000,
,,,00.000290800000,  12.40000,
,,,00.000291000000,  12.40000,
,,,00.000291200000,  12.80000,
,,,00.000291400000,  12.40000,
,,,00.000291600000,  13.20000,
,,,00.000291800000,  13.20000,
,,,00.000292000000,  12.80000,
,,,00.000292200000,  12.40000,
,,,00.000292400000,  12.40000,
,,,00.000292600000,  12.40000,
,,,00.000292800000,  12.80000,
,,,00.000293000000,  12.40000,
,,,00.000293200000,  12.80000,
,,,00.000293400000,  12.80000,
,,,00.000293600000,  12.80000,
,,,00.000293800000,  12.40000,
,,,00.000294000000,  12.00000,
,,,00.000294200000,  12.40000,
,,,00.000294400000,  12.80000,
,,,00.000294600000,  12.80000,
,,,00.000294800000,  12.40000,
,,,00.000295000000,  12.40000,
,,,00.000295200000,  12.00000,
,,,00.000295400000,  12.40000,
,,,00.000295600000,  12.00000,
,,,00.000295800000,  11.60000,
,,,00.000296000000,  12.40000,
,,,00.000296200000,  12.00000,
,,,00.000296400000,  12.00000,
,,,00.000296600000,  12.40000,
,,,00.000296800000,  12.40000,
,,,00.000297000000,  12.80000,
,,,00.000297200000,  12.00000,
,,,00.000297400000,  11.60000,
,,,00.000297600000,  12.00000,
,,,00.000297800000,  12.00000,
,,,00.000298000000,  12.00000,
,,,00.000298200000,  12.40000,
,,,00.000298400000,  12.80000,
,,,00.000298600000,  12.40000,
,,,00.000298800000,  12.00000,
,,,00.000299000000,  11.60000,
,,,00.000299200000,  12.00000,
,,,00.000299400000,  11.60000,
,,,00.000299600000,  12.40000,
,,,00.000299800000,  12.40000,
,,,00.000300000000,  11.60000,
,,,00.000300200000,  12.00000,
,,,00.000300400000,  12.00000,
,,,00.000300600000,  11.60000,
,,,00.000300800000,  11.60000,
,,,00.000301000000,  12.00000,
,,,00.000301200000,  11.60000,
,,,00.000301400000,  12.00000,
,,,00.000301600000,  12.00000,
,,,00.000301800000,  11.20000,
,,,00.000302000000,  12.00000,
,,,00.000302200000,  11.20000,
,,,00.000302400000,  11.20000,
,,,00.000302600000,  11.60000,
,,,00.000302800000,  11.20000,
,,,00.000303000000,  11.20000,
,,,00.000303200000,  11.60000,
,,,00.000303400000,  11.20000,
,,,00.000303600000,  11.60000,
,,,00.000303800000,  10.80000,
,,,00.000304000000,  11.60000,
,,,00.000304200000,  11.20000,
,,,00.000304400000,  11.60000,
,,,00.000304600000,  11.60000,
,,,00.000304800000,  11.20000,
,,,00.000305000000,  11.60000,
,,,00.000305200000,  11.20000,
,,,00.000305400000,  10.80000,
,,,00.000305600000,  11.20000,
,,,00.000305800000,  11.20000,
,,,00.000306000000,  11.20000,
,,,00.000306200000,  10.80000,
,,,00.000306400000,  11.60000,
,,,00.000306600000,  11.20000,
,,,00.000306800000,  11.20000,
,,,00.000307000000,  10.40000,
,,,00.000307200000,  10.40000,
,,,00.000307400000,  10.80000,
,,,00.000307600000,  11.20000,
,,,00.000307800000,  10.80000,
,,,00.000308000000,  11.20000,
,,,00.000308200000,  11.20000,
,,,00.000308400000,  11.20000,
,,,00.000308600000,  11.20000,
,,,00.000308800000,  10.80000,
,,,00.000309000000,  10.40000,
,,,00.000309200000,  10.80000,
,,,00.000309400000,  11.20000,
,,,00.000309600000,  11.20000,
,,,00.000309800000,  10.80000,
,,,00.000310000000,  10.80000,
,,,00.000310200000,  10.40000,
,,,00.000310400000,  10.40000,
,,,00.000310600000,  10.40000,
,,,00.000310800000,  10.80000,
,,,00.000311000000,  10.80000,
,,,00.000311200000,  10.40000,
,,,00.000311400000,  10.40000,
,,,00.000311600000,  10.80000,
,,,00.000311800000,  10.80000,
,,,00.000312000000,  10.40000,
,,,00.000312200000,  10.00000,
,,,00.000312400000,  10.00000,
,,,00.000312600000,  10.80000,
,,,00.000312800000,  10.40000,
,,,00.000313000000,  10.40000,
,,,00.000313200000,  10.00000,
,,,00.000313400000,  10.00000,
,,,00.000313600000,  10.80000,
,,,00.000313800000,  10.00000,
,,,00.000314000000,  10.00000,
,,,00.000314200000,  10.40000,
,,,00.000314400000,  10.40000,
,,,00.000314600000,  10.40000,
,,,00.000314800000,  10.40000,
,,,00.000315000000,  10.40000,
,,,00.000315200000,  10.40000,
,,,00.000315400000,   9.60000,
,,,00.000315600000,   9.20000,
,,,00.000315800000,  10.00000,
,,,00.000316000000,  10.00000,
,,,00.000316200000,  10.00000,
,,,00.000316400000,  10.00000,
,,,00.000316600000,  10.00000,
,,,00.000316800000,  10.00000,
,,,00.000317000000,  10.00000,
,,,00.000317200000,   9.20000,
,,,00.000317400000,  10.00000,
,,,00.000317600000,  10.00000,
,,,00.000317800000,  10.00000,
,,,00.000318000000,  10.00000,
,,,00.000318200000,  10.00000,
,,,00.000318400000,  10.00000,
,,,00.000318600000,  10.00000,
,,,00.000318800000,   9.60000,
,,,00.000319000000,  10.40000,
,,,00.000319200000,  10.40000,
,,,00.000319400000,  10.00000,
,,,00.000319600000,   9.60000,
,,,00.000319800000,   9.60000,
,,,00.000320000000,  10.00000,
,,,00.000320200000,  10.00000,
,,,00.000320400000,   8.80000,
,,,00.000320600000,   8.80000,
,,,00.000320800000,   9.60000,
,,,00.000321000000,   9.60000,
,,,00.000321200000,  10.00000,
,,,00.000321400000,   9.60000,
,,,00.000321600000,  10.00000,
,,,00.000321800000,   9.60000,
,,,00.000322000000,   9.20000,
,,,00.000322200000,   8.80000,
,,,00.000322400000,   9.60000,
,,,00.000322600000,   9.20000,
,,,00.000322800000,   8.80000,
,,,00.000323000000,   9.20000,
,,,00.000323200000,   9.20000,
,,,00.000323400000,   9.60000,
,,,00.000323600000,   9.20000,
,,,00.000323800000,   8.80000,
,,,00.000324000000,   9.20000,
,,,00.000324200000,   9.20000,
,,,00.000324400000,   9.60000,
,,,00.000324600000,   8.80000,
,,,00.000324800000,   8.80000,
,,,00.000325000000,   9.20000,
,,,00.000325200000,   9.20000,
,,,00.000325400000,   8.80000,
,,,00.000325600000,   8.40000,
,,,00.000325800000,   9.20000,
,,,00.000326000000,   8.80000,
,,,00.000326200000,   8.80000,
,,,00.000326400000,   9.20000,
,,,00.000326600000,   8.80000,
,,,00.000326800000,   8.80000,
,,,00.000327000000,   8.80000,
,,,00.000327200000,   8.00000,
,,,00.000327400000,   8.40000,
,,,00.000327600000,   8.80000,
,,,00.000327800000,   8.80000,
,,,00.000328000000,   8.80000,
,,,00.000328200000,   8.80000,
,,,00.000328400000,   8.80000,
,,,00.000328600000,   8.40000,
,,,00.000328800000,   7.60000,
,,,00.000329000000,   8.80000,
,,,00.000329200000,   8.80000,
,,,00.000329400000,   8.80000,
,,,00.000329600000,   8.80000,
,,,00.000329800000,   8.40000,
,,,00.000330000000,   8.40000,
,,,00.000330200000,   8.40000,
,,,00.000330400000,   8.00000,
,,,00.000330600000,   8.40000,
,,,00.000330800000,   8.00000,
,,,00.000331000000,   8.00000,
,,,00.000331200000,   8.00000,
,,,00.000331400000,   8.40000,
,,,00.000331600000,   8.40000,
,,,00.000331800000,   8.40000,
,,,00.000332000000,   7.60000,
,,,00.000332200000,   8.40000,
,,,00.000332400000,   7.60000,
,,,00.000332600000,   8.00000,
,,,00.000332800000,   8.40000,
,,,00.000333000000,   8.00000,
,,,00.000333200000,   8.40000,
,,,00.000333400000,   8.80000,
,,,00.000333600000,   7.60000,
,,,00.000333800000,   8.00000,
,,,00.000334000000,   8.40000,
,,,00.000334200000,   8.00000,
,,,00.000334400000,   8.80000,
,,,00.000334600000,   8.40000,
,,,00.000334800000,   7.60000,
,,,00.000335000000,   8.00000,
,,,00.000335200000,   8.00000,
,,,00.000335400000,   7.20000,
,,,00.000335600000,   8.00000,
,,,00.000335800000,   7.60000,
,,,00.000336000000,   8.00000,
,,,00.000336200000,   8.00000,
,,,00.000336400000,   8.00000,
,,,00.000336600000,   8.00000,
,,,00.000336800000,   7.60000,
,,,00.000337000000,   6.80000,
,,,00.000337200000,   7.20000,
,,,00.000337400000,   7.60000,
,,,00.000337600000,   7.60000,
,,,00.000337800000,   8.00000,
,,,00.000338000000,   7.60000,
,,,00.000338200000,   8.00000,
,,,00.000338400000,   8.00000,
,,,00.000338600000,   7.20000,
,,,00.000338800000,   8.00000,
,,,00.000339000000,   8.00000,
,,,00.000339200000,   7.60000,
,,,00.000339400000,   7.60000,
,,,00.000339600000,   7.60000,
,,,00.000339800000,   8.00000,
,,,00.000340000000,   7.60000,
,,,00.000340200000,   7.20000,
,,,00.000340400000,   6.80000,
,,,00.000340600000,   7.60000,
,,,00.000340800000,   7.60000,
,,,00.000341000000,   8.00000,
,,,00.000341200000,   7.60000,
,,,00.000341400000,   7.60000,
,,,00.000341600000,   7.20000,
,,,00.000341800000,   7.20000,
,,,00.000342000000,   6.80000,
,,,00.000342200000,   7.20000,
,,,00.000342400000,   6.80000,
,,,00.000342600000,   6.80000,
,,,00.000342800000,   6.80000,
,,,00.000343000000,   8.00000,
,,,00.000343200000,   7.60000,
,,,00.000343400000,   6.80000,
,,,00.000343600000,   6.80000,
,,,00.000343800000,   7.20000,
,,,00.000344000000,   7.20000,
,,,00.000344200000,   7.20000,
,,,00.000344400000,   6.80000,
,,,00.000344600000,   7.60000,
,,,00.000344800000,   7.60000,
,,,00.000345000000,   7.20000,
,,,00.000345200000,   6.80000,
,,,00.000345400000,   6.80000,
,,,00.000345600000,   6.80000,
,,,00.000345800000,   6.40000,
,,,00.000346000000,   7.20000,
,,,00.000346200000,   7.20000,
,,,00.000346400000,   7.60000,
,,,00.000346600000,   6.00000,
,,,00.000346800000,   6.40000,
,,,00.000347000000,   6.00000,
,,,00.000347200000,   7.20000,
,,,00.000347400000,   6.80000,
,,,00.000347600000,   6.80000,
,,,00.000347800000,   7.20000,
,,,00.000348000000,   7.20000,
,,,00.000348200000,   6.40000,
,,,00.000348400000,   6.40000,
,,,00.000348600000,   6.40000,
,,,00.000348800000,   6.80000,
,,,00.000349000000,   6.40000,
,,,00.000349200000,   6.80000,
,,,00.000349400000,   6.40000,
,,,00.000349600000,   6.80000,
,,,00.000349800000,   6.80000,
,,,00.000350000000,   6.40000,
,,,00.000350200000,   6.80000,
,,,00.000350400000,   6.80000,
,,,00.000350600000,   6.40000,
,,,00.000350800000,   6.80000,
,,,00.000351000000,   6.80000,
,,,00.000351200000,   6.80000,
,,,00.000351400000,   6.80000,
,,,00.000351600000,   6.40000,
,,,00.000351800000,   5.60000,
,,,00.000352000000,   6.40000,
,,,00.000352200000,   6.00000,
,,,00.000352400000,   6.00000,
,,,00.000352600000,   6.80000,
,,,00.000352800000,   6.80000,
,,,00.000353000000,   6.00000,
,,,00.000353200000,   6.40000,
,,,00.000353400000,   5.60000,
,,,00.000353600000,   6.00000,
,,,00.000353800000,   6.40000,
,,,00.000354000000,   6.00000,
,,,00.000354200000,   6.40000,
,,,00.000354400000,   6.40000,
,,,00.000354600000,   6.00000,
,,,00.000354800000,   6.00000,
,,,00.000355000000,   5.60000,
,,,00.000355200000,   5.20000,
,,,00.000355400000,   6.00000,
,,,00.000355600000,   5.60000,
,,,00.000355800000,   5.60000,
,,,00.000356000000,   5.60000,
,,,00.000356200000,   6.00000,
,,,00.000356400000,   6.00000,
,,,00.000356600000,   5.20000,
,,,00.000356800000,   5.20000,
,,,00.000357000000,   5.60000,
,,,00.000357200000,   5.60000,
,,,00.000357400000,   5.60000,
,,,00.000357600000,   6.00000,
,,,00.000357800000,   5.60000,
,,,00.000358000000,   6.00000,
,,,00.000358200000,   6.00000,
,,,00.000358400000,   5.20000,
,,,00.000358600000,   5.60000,
,,,00.000358800000,   5.60000,
,,,00.000359000000,   6.00000,
,,,00.000359200000,   5.60000,
,,,00.000359400000,   5.60000,
,,,00.000359600000,   5.60000,
,,,00.000359800000,   5.60000,
,,,00.000360000000,   5.20000,
,,,00.000360200000,   5.60000,
,,,00.000360400000,   5.60000,
,,,00.000360600000,   5.20000,
,,,00.000360800000,   6.00000,
,,,00.000361000000,   5.60000,
,,,00.000361200000,   5.60000,
,,,00.000361400000,   5.60000,
,,,00.000361600000,   5.20000,
,,,00.000361800000,   5.20000,
,,,00.000362000000,   6.00000,
,,,00.000362200000,   4.80000,
,,,00.000362400000,   4.80000,
,,,00.000362600000,   5.20000,
,,,00.000362800000,   5.60000,
,,,00.000363000000,   5.60000,
,,,00.000363200000,   5.20000,
,,,00.000363400000,   4.80000,
,,,00.000363600000,   5.60000,
,,,00.000363800000,   5.60000,
,,,00.000364000000,   5.20000,
,,,00.000364200000,   4.80000,
,,,00.000364400000,   5.60000,
,,,00.000364600000,   5.60000,
,,,00.000364800000,   5.20000,
,,,00.000365000000,   4.40000,
,,,00.000365200000,   4.80000,
,,,00.000365400000,   4.80000,
,,,00.000365600000,   5.20000,
,,,00.000365800000,   5.20000,
,,,00.000366000000,   4.80000,
,,,00.000366200000,   5.20000,
,,,00.000366400000,   4.40000,
,,,00.000366600000,   4.40000,
,,,00.000366800000,   4.40000,
,,,00.000367000000,   5.20000,
,,,00.000367200000,   5.20000,
,,,00.000367400000,   5.20000,
,,,00.000367600000,   4.80000,
,,,00.000367800000,   5.20000,
,,,00.000368000000,   4.80000,
,,,00.000368200000,   4.80000,
,,,00.000368400000,   4.80000,
,,,00.000368600000,   4.40000,
,,,00.000368800000,   4.80000,
,,,00.000369000000,   5.20000,
,,,00.000369200000,   5.20000,
,,,00.000369400000,   4.80000,
,,,00.000369600000,   4.80000,
,,,00.000369800000,   4.40000,
,,,00.000370000000,   4.00000,
,,,00.000370200000,   4.40000,
,,,00.000370400000,   4.80000,
,,,00.000370600000,   4.80000,
,,,00.000370800000,   4.80000,
,,,00.000371000000,   4.40000,
,,,00.000371200000,   4.80000,
,,,00.000371400000,   4.40000,
,,,00.000371600000,   4.40000,
,,,00.000371800000,   4.80000,
,,,00.000372000000,   4.00000,
,,,00.000372200000,   4.40000,
,,,00.000372400000,   4.80000,
,,,00.000372600000,   4.40000,
,,,00.000372800000,   4.40000,
,,,00.000373000000,   4.80000,
,,,00.000373200000,   4.00000,
,,,00.000373400000,   4.00000,
,,,00.000373600000,   4.80000,
,,,00.000373800000,   4.00000,
,,,00.000374000000,   4.80000,
,,,00.000374200000,   4.40000,
,,,00.000374400000,   4.40000,
,,,00.000374600000,   4.80000,
,,,00.000374800000,   4.00000,
,,,00.000375000000,   3.20000,
,,,00.000375200000,   4.00000,
,,,00.000375400000,   4.00000,
,,,00.000375600000,   3.60000,
,,,00.000375800000,   4.00000,
,,,00.000376000000,   4.40000,
,,,00.000376200000,   4.00000,
,,,00.000376400000,   3.60000,
,,,00.000376600000,   3.60000,
,,,00.000376800000,   4.40000,
,,,00.000377000000,   4.40000,
,,,00.000377200000,   4.00000,
,,,00.000377400000,   4.40000,
,,,00.000377600000,   4.00000,
,,,00.000377800000,   4.00000,
,,,00.000378000000,   4.00000,
,,,00.000378200000,   3.20000,
,,,00.000378400000,   4.40000,
,,,00.000378600000,   4.40000,
,,,00.000378800000,   4.40000,
,,,00.000379000000,   4.40000,
,,,00.000379200000,   4.00000,
,,,00.000379400000,   4.00000,
,,,00.000379600000,   4.40000,
,,,00.000379800000,   3.20000,
,,,00.000380000000,   3.20000,
,,,00.000380200000,   4.00000,
,,,00.000380400000,   3.60000,
,,,00.000380600000,   4.00000,
,,,00.000380800000,   3.60000,
,,,00.000381000000,   4.00000,
,,,00.000381200000,   3.60000,
,,,00.000381400000,   3.20000,
,,,00.000381600000,   3.20000,
,,,00.000381800000,   4.00000,
,,,00.000382000000,   3.20000,
,,,00.000382200000,   3.60000,
,,,00.000382400000,   3.20000,
,,,00.000382600000,   4.00000,
,,,00.000382800000,   4.00000,
,,,00.000383000000,   3.60000,
,,,00.000383200000,   3.60000,
,,,00.000383400000,   3.60000,
,,,00.000383600000,   4.00000,
,,,00.000383800000,   4.00000,
,,,00.000384000000,   3.20000,
,,,00.000384200000,   3.60000,
,,,00.000384400000,   4.00000,
,,,00.000384600000,   4.00000,
,,,00.000384800000,   2.80000,
,,,00.000385000000,   3.20000,
,,,00.000385200000,   3.20000,
,,,00.000385400000,   3.20000,
,,,00.000385600000,   3.60000,
,,,00.000385800000,   4.00000,
,,,00.000386000000,   3.20000,
,,,00.000386200000,   2.80000,
,,,00.000386400000,   2.80000,
,,,00.000386600000,   3.20000,
,,,00.000386800000,   3.60000,
,,,00.000387000000,   3.60000,
,,,00.000387200000,   3.60000,
,,,00.000387400000,   3.60000,
,,,00.000387600000,   3.60000,
,,,00.000387800000,   3.20000,
,,,00.000388000000,   3.20000,
,,,00.000388200000,   3.20000,
,,,00.000388400000,   2.80000,
,,,00.000388600000,   2.80000,
,,,00.000388800000,   3.60000,
,,,00.000389000000,   3.20000,
,,,00.000389200000,   2.80000,
,,,00.000389400000,   3.60000,
,,,00.000389600000,   3.20000,
,,,00.000389800000,   2.40000,
,,,00.000390000000,   2.80000,
,,,00.000390200000,   3.20000,
,,,00.000390400000,   2.80000,
,,,00.000390600000,   2.80000,
,,,00.000390800000,   2.80000,
,,,00.000391000000,   2.80000,
,,,00.000391200000,   3.20000,
,,,00.000391400000,   2.40000,
,,,00.000391600000,   3.20000,
,,,00.000391800000,   2.80000,
,,,00.000392000000,   2.40000,
,,,00.000392200000,   3.20000,
,,,00.000392400000,   2.40000,
,,,00.000392600000,   2.80000,
,,,00.000392800000,   3.20000,
,,,00.000393000000,   2.80000,
,,,00.000393200000,   2.80000,
,,,00.000393400000,   3.20000,
,,,00.000393600000,   3.20000,
,,,00.000393800000,   3.20000,
,,,00.000394000000,   3.20000,
,,,00.000394200000,   2.40000,
,,,00.000394400000,   2.80000,
,,,00.000394600000,   2.40000,
,,,00.000394800000,   2.00000,
,,,00.000395000000,   2.80000,
,,,00.000395200000,   2.80000,
,,,00.000395400000,   2.80000,
,,,00.000395600000,   2.80000,
,,,00.000395800000,   2.80000,
,,,00.000396000000,   2.80000,
,,,00.000396200000,   2.00000,
,,,00.000396400000,   2.40000,
,,,00.000396600000,   2.40000,
,,,00.000396800000,   2.80000,
,,,00.000397000000,   2.00000,
,,,00.000397200000,   2.40000,
,,,00.000397400000,   2.40000,
,,,00.000397600000,   2.80000,
,,,00.000397800000,   3.20000,
,,,00.000398000000,   2.00000,
,,,00.000398200000,   2.80000,
,,,00.000398400000,   2.40000,
,,,00.000398600000,   2.80000,
,,,00.000398800000,   2.80000,
,,,00.000399000000,   2.40000,
,,,00.000399200000,   2.80000,
,,,00.000399400000,   2.40000,
,,,00.000399600000,   1.60000,
,,,00.000399800000,   2.40000,
,,,00.000400000000,   2.80000,
,,,00.000400200000,   2.00000,
,,,00.000400400000,   2.80000,
,,,00.000400600000,   2.40000,
,,,00.000400800000,   2.40000,
,,,00.000401000000,   2.00000,
,,,00.000401200000,   2.00000,
,,,00.000401400000,   1.60000,
,,,00.000401600000,   2.80000,
,,,00.000401800000,   1.60000,
,,,00.000402000000,   1.60000,
,,,00.000402200000,   1.60000,
,,,00.000402400000,   2.40000,
,,,00.000402600000,   2.00000,
,,,00.000402800000,   2.00000,
,,,00.000403000000,   2.40000,
,,,00.000403200000,   2.00000,
,,,00.000403400000,   2.00000,
,,,00.000403600000,   2.40000,
,,,00.000403800000,   2.00000,
,,,00.000404000000,   2.40000,
,,,00.000404200000,   2.40000,
,,,00.000404400000,   2.00000,
,,,00.000404600000,   2.00000,
,,,00.000404800000,   2.00000,
,,,00.000405000000,   1.60000,
,,,00.000405200000,   1.20000,
,,,00.000405400000,   2.40000,
,,,00.000405600000,   2.00000,
,,,00.000405800000,   2.00000,
,,,00.000406000000,   1.20000,
,,,00.000406200000,   1.60000,
,,,00.000406400000,   1.20000,
,,,00.000406600000,   2.00000,
,,,00.000406800000,   1.60000,
,,,00.000407000000,   2.00000,
,,,00.000407200000,   1.60000,
,,,00.000407400000,   1.60000,
,,,00.000407600000,   0.80000,
,,,00.000407800000,   1.60000,
,,,00.000408000000,   1.60000,
,,,00.000408200000,   1.60000,
,,,00.000408400000,   2.40000,
,,,00.000408600000,   2.00000,
,,,00.000408800000,   2.00000,
,,,00.000409000000,   1.60000,
,,,00.000409200000,   1.20000,
,,,00.000409400000,   1.60000,
,,,00.000409600000,   1.20000,
,,,00.000409800000,   1.60000,
,,,00.000410000000,   1.60000,
,,,00.000410200000,   1.20000,
,,,00.000410400000,   1.60000,
,,,00.000410600000,   1.60000,
,,,00.000410800000,   1.60000,
,,,00.000411000000,   1.60000,
,,,00.000411200000,   0.80000,
,,,00.000411400000,   1.60000,
,,,00.000411600000,   1.20000,
,,,00.000411800000,   1.60000,
,,,00.000412000000,   2.00000,
,,,00.000412200000,   1.60000,
,,,00.000412400000,   1.60000,
,,,00.000412600000,   1.60000,
,,,00.000412800000,   1.20000,
,,,00.000413000000,   2.00000,
,,,00.000413200000,   2.00000,
,,,00.000413400000,   1.60000,
,,,00.000413600000,   1.60000,
,,,00.000413800000,   1.60000,
,,,00.000414000000,   0.80000,
,,,00.000414200000,   1.60000,
,,,00.000414400000,   0.80000,
,,,00.000414600000,   0.80000,
,,,00.000414800000,   1.60000,
,,,00.000415000000,   1.20000,
,,,00.000415200000,   1.20000,
,,,00.000415400000,   0.80000,
,,,00.000415600000,   1.60000,
,,,00.000415800000,   1.60000,
,,,00.000416000000,   0.80000,
,,,00.000416200000,   0.80000,
,,,00.000416400000,   1.20000,
,,,00.000416600000,   1.20000,
,,,00.000416800000,   0.80000,
,,,00.000417000000,   1.20000,
,,,00.000417200000,   1.20000,
,,,00.000417400000,   1.20000,
,,,00.000417600000,   1.20000,
,,,00.000417800000,   0.80000,
,,,00.000418000000,   1.60000,
,,,00.000418200000,   1.20000,
,,,00.000418400000,   2.00000,
,,,00.000418600000,   1.20000,
,,,00.000418800000,   1.60000,
,,,00.000419000000,   1.60000,
,,,00.000419200000,   1.20000,
,,,00.000419400000,   0.80000,
,,,00.000419600000,   0.40000,
,,,00.000419800000,   1.20000,
,,,00.000420000000,   0.80000,
,,,00.000420200000,   1.20000,
,,,00.000420400000,   1.20000,
,,,00.000420600000,   1.20000,
,,,00.000420800000,   1.20000,
,,,00.000421000000,   0.80000,
,,,00.000421200000,   0.40000,
,,,00.000421400000,   1.20000,
,,,00.000421600000,   0.80000,
,,,00.000421800000,   0.40000,
,,,00.000422000000,   0.40000,
,,,00.000422200000,   1.60000,
,,,00.000422400000,   1.20000,
,,,00.000422600000,   0.80000,
,,,00.000422800000,   1.20000,
,,,00.000423000000,   0.80000,
,,,00.000423200000,   1.20000,
,,,00.000423400000,   0.80000,
,,,00.000423600000,   0.40000,
,,,00.000423800000,   1.20000,
,,,00.000424000000,   0.80000,
,,,00.000424200000,   1.20000,
,,,00.000424400000,   0.80000,
,,,00.000424600000,   0.80000,
,,,00.000424800000,   0.80000,
,,,00.000425000000,   0.40000,
,,,00.000425200000,   1.20000,
,,,00.000425400000,   0.80000,
,,,00.000425600000,   0.80000,
,,,00.000425800000,   0.40000,
,,,00.000426000000,   0.00000,
,,,00.000426200000,   0.40000,
,,,00.000426400000,   0.80000,
,,,00.000426600000,   0.40000,
,,,00.000426800000,   0.80000,
,,,00.000427000000,   0.80000,
,,,00.000427200000,   0.40000,
,,,00.000427400000,   0.80000,
,,,00.000427600000,   0.40000,
,,,00.000427800000,   0.40000,
,,,00.000428000000,   0.80000,
,,,00.000428200000,   0.40000,
,,,00.000428400000,   0.80000,
,,,00.000428600000,   0.40000,
,,,00.000428800000,   0.80000,
,,,00.000429000000,   0.80000,
,,,00.000429200000,   0.80000,
,,,00.000429400000,   0.40000,
,,,00.000429600000,   0.40000,
,,,00.000429800000,   0.40000,
,,,00.000430000000,   0.80000,
,,,00.000430200000,   0.00000,
,,,00.000430400000,   0.80000,
,,,00.000430600000,   0.40000,
,,,00.000430800000,   0.80000,
,,,00.000431000000,  -0.40000,
,,,00.000431200000,   0.80000,
,,,00.000431400000,   0.00000,
,,,00.000431600000,   0.40000,
,,,00.000431800000,   0.80000,
,,,00.000432000000,   0.40000,
,,,00.000432200000,   0.80000,
,,,00.000432400000,   0.40000,
,,,00.000432600000,   0.40000,
,,,00.000432800000,   0.00000,
,,,00.000433000000,   0.40000,
,,,00.000433200000,   0.40000,
,,,00.000433400000,   0.80000,
,,,00.000433600000,   0.80000,
,,,00.000433800000,   0.00000,
,,,00.000434000000,   0.00000,
,,,00.000434200000,   0.00000,
,,,00.000434400000,  -0.80000,
,,,00.000434600000,   0.80000,
,,,00.000434800000,   0.00000,
,,,00.000435000000,   0.00000,
,,,00.000435200000,   0.00000,
,,,00.000435400000,   0.40000,
,,,00.000435600000,   0.00000,
,,,00.000435800000,   0.00000,
,,,00.000436000000,  -0.40000,
,,,00.000436200000,   0.00000,
,,,00.000436400000,   0.40000,
,,,00.000436600000,   0.00000,
,,,00.000436800000,   0.40000,
,,,00.000437000000,   0.00000,
,,,00.000437200000,   0.00000,
,,,00.000437400000,   0.00000,
,,,00.000437600000,  -0.40000,
,,,00.000437800000,   0.40000,
,,,00.000438000000,   0.00000,
,,,00.000438200000,   0.80000,
,,,00.000438400000,   0.40000,
,,,00.000438600000,   0.40000,
,,,00.000438800000,   0.40000,
,,,00.000439000000,  -0.40000,
,,,00.000439200000,   0.00000,
,,,00.000439400000,  -0.40000,
,,,00.000439600000,   0.40000,
,,,00.000439800000,   0.00000,
,,,00.000440000000,   0.40000,
,,,00.000440200000,   0.40000,
,,,00.000440400000,   0.00000,
,,,00.000440600000,   0.40000,
,,,00.000440800000,  -0.40000,
,,,00.000441000000,   0.40000,
,,,00.000441200000,   0.80000,
,,,00.000441400000,  -0.40000,
,,,00.000441600000,  -1.20000,
,,,00.000441800000,  -0.40000,
,,,00.000442000000,   0.40000,
,,,00.000442200000,   0.00000,
,,,00.000442400000,   0.00000,
,,,00.000442600000,   0.00000,
,,,00.000442800000,   0.40000,
,,,00.000443000000,   0.40000,
,,,00.000443200000,   0.00000,
,,,00.000443400000,  -0.80000,
,,,00.000443600000,   0.40000,
,,,00.000443800000,   0.00000,
,,,00.000444000000,   0.00000,
,,,00.000444200000,  -0.40000,
,,,00.000444400000,   0.40000,
,,,00.000444600000,   0.00000,
,,,00.000444800000,   0.40000,
,,,00.000445000000,   0.40000,
,,,00.000445200000,   0.40000,
,,,00.000445400000,  -0.40000,
,,,00.000445600000,  -0.40000,
,,,00.000445800000,  -0.40000,
,,,00.000446000000,  -0.80000,
,,,00.000446200000,   0.00000,
,,,00.000446400000,   0.00000,
,,,00.000446600000,   0.00000,
,,,00.000446800000,   0.00000,
,,,00.000447000000,   0.00000,
,,,00.000447200000,  -0.40000,
,,,00.000447400000,   0.00000,
,,,00.000447600000,  -0.80000,
,,,00.000447800000,   0.00000,
,,,00.000448000000,   0.00000,
,,,00.000448200000,  -0.40000,
,,,00.000448400000,   0.00000,
,,,00.000448600000,  -0.40000,
,,,00.000448800000,   0.00000,
,,,00.000449000000,  -0.40000,
,,,00.000449200000,  -0.40000,
,,,00.000449400000,  -0.40000,
,,,00.000449600000,  -0.80000,
,,,00.000449800000,  -0.40000,
