x-axis,1,2
second,Volt,Volt
+0.0E+00,+900.5025029E-03,+3.4572863951E+00
+500.0E-09,+933.4351659E-03,+3.4367034808E+00
+1.0000E-06,+966.3678288E-03,+3.4161205664E+00
+1.5000E-06,+999.3004918E-03,+3.3955376521E+00
+2.0000E-06,+1.0260582805E+00,+3.3768843859E+00
+2.5000E-06,+993.1256175E-03,+3.3768843859E+00
+3.0000E-06,+960.1929545E-03,+3.3768843859E+00
+3.5000E-06,+927.2602916E-03,+3.3768843859E+00
+4.0000E-06,+900.5025029E-03,+3.3768843859E+00
+4.5000E-06,+900.5025029E-03,+3.3768843859E+00
+5.0000E-06,+900.5025029E-03,+3.3768843859E+00
+5.5000E-06,+900.5025029E-03,+3.3768843859E+00
+6.0000E-06,+900.5025029E-03,+3.3710954413E+00
+6.5000E-06,+900.5025029E-03,+3.3505125269E+00
+7.0000E-06,+900.5025029E-03,+3.3299296126E+00
+7.5000E-06,+900.5025029E-03,+3.3093466982E+00
+8.0000E-06,+888.1527543E-03,+3.2964823768E+00
+8.5000E-06,+855.2200913E-03,+3.2964823768E+00
+9.0000E-06,+822.2874284E-03,+3.2964823768E+00
+9.5000E-06,+789.3547654E-03,+3.2964823768E+00
+10.0000E-06,+787.2964740E-03,+3.2964823768E+00
+10.5000E-06,+820.2291369E-03,+3.2964823768E+00
+11.0000E-06,+853.1617999E-03,+3.2964823768E+00
+11.5000E-06,+886.0944629E-03,+3.2964823768E+00
+12.0000E-06,+881.9778800E-03,+3.2964823768E+00
+12.5000E-06,+849.0452170E-03,+3.2964823768E+00
+13.0000E-06,+816.1125541E-03,+3.2964823768E+00
+13.5000E-06,+783.1798911E-03,+3.2964823768E+00
+14.0000E-06,+771.8592882E-03,+3.2829748392E+00
+14.5000E-06,+771.8592882E-03,+3.2623919249E+00
+15.0000E-06,+771.8592882E-03,+3.2418090105E+00
+15.5000E-06,+771.8592882E-03,+3.2212260962E+00
+16.0000E-06,+771.8592882E-03,+3.2160803676E+00
+16.5000E-06,+771.8592882E-03,+3.2160803676E+00
+17.0000E-06,+771.8592882E-03,+3.2160803676E+00
+17.5000E-06,+771.8592882E-03,+3.2160803676E+00
+18.0000E-06,+744.0723538E-03,+3.1987135336E+00
+18.5000E-06,+711.1396909E-03,+3.1781306192E+00
+19.0000E-06,+678.2070279E-03,+3.1575477049E+00
+19.5000E-06,+645.2743649E-03,+3.1369647905E+00
+20.0000E-06,+643.2160735E-03,+3.1356783584E+00
+20.5000E-06,+643.2160735E-03,+3.1356783584E+00
+21.0000E-06,+643.2160735E-03,+3.1356783584E+00
+21.5000E-06,+643.2160735E-03,+3.1356783584E+00
+22.0000E-06,+643.2160735E-03,+3.1356783584E+00
+22.5000E-06,+643.2160735E-03,+3.1356783584E+00
+23.0000E-06,+643.2160735E-03,+3.1356783584E+00
+23.5000E-06,+647.3326564E-03,+3.1331054941E+00
+24.0000E-06,+680.2653193E-03,+3.1125225797E+00
+24.5000E-06,+713.1979823E-03,+3.0919396654E+00
+25.0000E-06,+746.1306453E-03,+3.0713567510E+00
+25.5000E-06,+764.6552682E-03,+3.0597788617E+00
+26.0000E-06,+731.7226052E-03,+3.0803617761E+00
+26.5000E-06,+698.7899423E-03,+3.1009446904E+00
+27.0000E-06,+665.8572793E-03,+3.1215276048E+00
+27.5000E-06,+632.9246163E-03,+3.1292461976E+00
+28.0000E-06,+599.9919534E-03,+3.1086632833E+00
+28.5000E-06,+567.0592904E-03,+3.0880803689E+00
+29.0000E-06,+534.1266274E-03,+3.0674974546E+00
+29.5000E-06,+514.5728588E-03,+3.0552763492E+00
+30.0000E-06,+514.5728588E-03,+3.0552763492E+00
+30.5000E-06,+514.5728588E-03,+3.0552763492E+00
+31.0000E-06,+514.5728588E-03,+3.0552763492E+00
+31.5000E-06,+531.0391903E-03,+3.0449848920E+00
+32.0000E-06,+563.9718533E-03,+3.0244019777E+00
+32.5000E-06,+596.9045162E-03,+3.0038190633E+00
+33.0000E-06,+629.8371792E-03,+2.9832361490E+00
+33.5000E-06,+643.2160735E-03,+2.9748743400E+00
+34.0000E-06,+643.2160735E-03,+2.9748743400E+00
+34.5000E-06,+643.2160735E-03,+2.9748743400E+00
+35.0000E-06,+643.2160735E-03,+2.9748743400E+00
+35.5000E-06,+643.2160735E-03,+2.9748743400E+00
+36.0000E-06,+643.2160735E-03,+2.9748743400E+00
+36.5000E-06,+643.2160735E-03,+2.9748743400E+00
+37.0000E-06,+643.2160735E-03,+2.9748743400E+00
+37.5000E-06,+617.4874306E-03,+2.9587939382E+00
+38.0000E-06,+584.5547676E-03,+2.9382110238E+00
+38.5000E-06,+551.6221046E-03,+2.9176281095E+00
+39.0000E-06,+518.6894417E-03,+2.8970451951E+00
+39.5000E-06,+514.5728588E-03,+2.9124823809E+00
+40.0000E-06,+514.5728588E-03,+2.9330652952E+00
+40.5000E-06,+514.5728588E-03,+2.9536482096E+00
+41.0000E-06,+514.5728588E-03,+2.9742311239E+00
+41.5000E-06,+514.5728588E-03,+2.9549346417E+00
+42.0000E-06,+514.5728588E-03,+2.9343517274E+00
+42.5000E-06,+514.5728588E-03,+2.9137688130E+00
+43.0000E-06,+512.5145674E-03,+2.8931858987E+00
+43.5000E-06,+479.5819044E-03,+2.8726029843E+00
+44.0000E-06,+446.6492414E-03,+2.8520200700E+00
+44.5000E-06,+413.7165785E-03,+2.8314371556E+00
+45.0000E-06,+385.9296441E-03,+2.8140703216E+00
+45.5000E-06,+385.9296441E-03,+2.8140703216E+00
+46.0000E-06,+385.9296441E-03,+2.8140703216E+00
+46.5000E-06,+385.9296441E-03,+2.8140703216E+00
+47.0000E-06,+385.9296441E-03,+2.8140703216E+00
+47.5000E-06,+385.9296441E-03,+2.8140703216E+00
+48.0000E-06,+385.9296441E-03,+2.8140703216E+00
+48.5000E-06,+385.9296441E-03,+2.8140703216E+00
+49.0000E-06,+374.6090412E-03,+2.8140703216E+00
+49.5000E-06,+341.6763783E-03,+2.8140703216E+00
+50.0000E-06,+308.7437153E-03,+2.8140703216E+00
+50.5000E-06,+275.8110523E-03,+2.8140703216E+00
+51.0000E-06,+271.6944695E-03,+2.8140703216E+00
+51.5000E-06,+304.6271324E-03,+2.8140703216E+00
+52.0000E-06,+337.5597954E-03,+2.8140703216E+00
+52.5000E-06,+370.4924583E-03,+2.8140703216E+00
+53.0000E-06,+385.9296441E-03,+2.7922009751E+00
+53.5000E-06,+385.9296441E-03,+2.7510351464E+00
+54.0000E-06,+385.9296441E-03,+2.7098693177E+00
+54.5000E-06,+385.9296441E-03,+2.6687034890E+00
+55.0000E-06,+385.9296441E-03,+2.6532663032E+00
+55.5000E-06,+385.9296441E-03,+2.6532663032E+00
+56.0000E-06,+385.9296441E-03,+2.6532663032E+00
+56.5000E-06,+385.9296441E-03,+2.6532663032E+00
+57.0000E-06,+385.9296441E-03,+2.6532663032E+00
+57.5000E-06,+385.9296441E-03,+2.6532663032E+00
+58.0000E-06,+385.9296441E-03,+2.6532663032E+00
+58.5000E-06,+385.9296441E-03,+2.6532663032E+00
+59.0000E-06,+359.1718554E-03,+2.6532663032E+00
+59.5000E-06,+326.2391925E-03,+2.6532663032E+00
+60.0000E-06,+293.3065295E-03,+2.6532663032E+00
+60.5000E-06,+260.3738666E-03,+2.6532663032E+00
+61.0000E-06,+257.2864294E-03,+2.6346130371E+00
+61.5000E-06,+257.2864294E-03,+2.6140301228E+00
+62.0000E-06,+257.2864294E-03,+2.5934472084E+00
+62.5000E-06,+257.2864294E-03,+2.5728642941E+00
+63.0000E-06,+257.2864294E-03,+2.5728642941E+00
+63.5000E-06,+257.2864294E-03,+2.5728642941E+00
+64.0000E-06,+257.2864294E-03,+2.5728642941E+00
+64.5000E-06,+257.2864294E-03,+2.5728642941E+00
+65.0000E-06,+257.2864294E-03,+2.5728642941E+00
+65.5000E-06,+257.2864294E-03,+2.5728642941E+00
+66.0000E-06,+257.2864294E-03,+2.5728642941E+00
+66.5000E-06,+257.2864294E-03,+2.5728642941E+00
+67.0000E-06,+257.2864294E-03,+2.5728642941E+00
+67.5000E-06,+257.2864294E-03,+2.5728642941E+00
+68.0000E-06,+257.2864294E-03,+2.5728642941E+00
+68.5000E-06,+257.2864294E-03,+2.5612864047E+00
+69.0000E-06,+257.2864294E-03,+2.5201205760E+00
+69.5000E-06,+257.2864294E-03,+2.4789547473E+00
+70.0000E-06,+257.2864294E-03,+2.4377889186E+00
+70.5000E-06,+244.9366808E-03,+2.4120602757E+00
+71.0000E-06,+212.0040178E-03,+2.4120602757E+00
+71.5000E-06,+179.0713549E-03,+2.4120602757E+00
+72.0000E-06,+146.1386919E-03,+2.4120602757E+00
+72.5000E-06,+144.0804005E-03,+2.4024120346E+00
+73.0000E-06,+177.0130634E-03,+2.3818291202E+00
+73.5000E-06,+209.9457264E-03,+2.3612462059E+00
+74.0000E-06,+242.8783894E-03,+2.3406632915E+00
+74.5000E-06,+238.7618065E-03,+2.3316582665E+00
+75.0000E-06,+205.8291435E-03,+2.3316582665E+00
+75.5000E-06,+172.8964806E-03,+2.3316582665E+00
+76.0000E-06,+139.9638176E-03,+2.3316582665E+00
+76.5000E-06,+128.6432147E-03,+2.3451658040E+00
+77.0000E-06,+128.6432147E-03,+2.3657487184E+00
+77.5000E-06,+128.6432147E-03,+2.3863316327E+00
+78.0000E-06,+128.6432147E-03,+2.4069145471E+00
+78.5000E-06,+103.9437175E-03,+2.3966230899E+00
+79.0000E-06,+71.0110545E-03,+2.3760401756E+00
+79.5000E-06,+38.0783916E-03,+2.3554572612E+00
+80.0000E-06,+5.1457286E-03,+2.3348743469E+00
+80.5000E-06,-27.7869344E-03,+2.3316582665E+00
+81.0000E-06,-60.7195973E-03,+2.3316582665E+00
+81.5000E-06,-93.6522603E-03,+2.3316582665E+00
+82.0000E-06,-126.5849233E-03,+2.3316582665E+00
+82.5000E-06,-97.7688432E-03,+2.3316582665E+00
+83.0000E-06,-64.8361802E-03,+2.3316582665E+00
+83.5000E-06,-31.9035172E-03,+2.3316582665E+00
+84.0000E-06,+0.0E+00,+2.3303718343E+00
+84.5000E-06,+0.0E+00,+2.2892060056E+00
+85.0000E-06,+0.0E+00,+2.2480401769E+00
+85.5000E-06,+0.0E+00,+2.2068743482E+00
+86.0000E-06,+0.0E+00,+2.1734271124E+00
+86.5000E-06,+0.0E+00,+2.1940100268E+00
+87.0000E-06,+0.0E+00,+2.2145929411E+00
+87.5000E-06,+0.0E+00,+2.2351758555E+00
+88.0000E-06,-7.2040200E-03,+2.2467537448E+00
+88.5000E-06,-40.1366830E-03,+2.2261708304E+00
+89.0000E-06,-73.0693460E-03,+2.2055879161E+00
+89.5000E-06,-106.0020089E-03,+2.1850050017E+00
+90.0000E-06,-128.6432147E-03,+2.1644220874E+00
+90.5000E-06,-128.6432147E-03,+2.1438391730E+00
+91.0000E-06,-128.6432147E-03,+2.1232562587E+00
+91.5000E-06,-128.6432147E-03,+2.1026733443E+00
+92.0000E-06,-128.6432147E-03,+2.0988140479E+00
+92.5000E-06,-128.6432147E-03,+2.1193969622E+00
+93.0000E-06,-128.6432147E-03,+2.1399798766E+00
+93.5000E-06,-128.6432147E-03,+2.1605627909E+00
+94.0000E-06,-128.6432147E-03,+2.1605627909E+00
+94.5000E-06,-128.6432147E-03,+2.1399798766E+00
+95.0000E-06,-128.6432147E-03,+2.1193969622E+00
+95.5000E-06,-128.6432147E-03,+2.0988140479E+00
+96.0000E-06,-148.1969833E-03,+2.0782311335E+00
+96.5000E-06,-181.1296463E-03,+2.0576482192E+00
+97.0000E-06,-214.0623093E-03,+2.0370653048E+00
+97.5000E-06,-246.9949722E-03,+2.0164823905E+00
+98.0000E-06,-257.2864294E-03,+2.0100502297E+00
+98.5000E-06,-257.2864294E-03,+2.0100502297E+00
+99.0000E-06,-257.2864294E-03,+2.0100502297E+00
+99.5000E-06,-257.2864294E-03,+2.0100502297E+00
+100.0000E-06,-231.5577865E-03,+2.0100502297E+00
+100.5000E-06,-198.6251235E-03,+2.0100502297E+00
+101.0000E-06,-165.6924605E-03,+2.0100502297E+00
+101.5000E-06,-132.7597976E-03,+2.0100502297E+00
+102.0000E-06,-157.4592948E-03,+1.9920401797E+00
+102.5000E-06,-190.3919578E-03,+1.9714572653E+00
+103.0000E-06,-223.3246207E-03,+1.9508743510E+00
+103.5000E-06,-256.2572837E-03,+1.9302914366E+00
+104.0000E-06,-257.2864294E-03,+1.9097085223E+00
+104.5000E-06,-257.2864294E-03,+1.8891256079E+00
+105.0000E-06,-257.2864294E-03,+1.8685426936E+00
+105.5000E-06,-257.2864294E-03,+1.8492462113E+00
+106.0000E-06,-257.2864294E-03,+1.8492462113E+00
+106.5000E-06,-257.2864294E-03,+1.8492462113E+00
+107.0000E-06,-257.2864294E-03,+1.8492462113E+00
+107.5000E-06,-262.4321580E-03,+1.8492462113E+00
+108.0000E-06,-295.3648210E-03,+1.8492462113E+00
+108.5000E-06,-328.2974839E-03,+1.8492462113E+00
+109.0000E-06,-361.2301469E-03,+1.8492462113E+00
+109.5000E-06,-385.9296441E-03,+1.8389547542E+00
+110.0000E-06,-385.9296441E-03,+1.7977889255E+00
+110.5000E-06,-385.9296441E-03,+1.7566230968E+00
+111.0000E-06,-385.9296441E-03,+1.7154572681E+00
+111.5000E-06,-385.9296441E-03,+1.6955175698E+00
+112.0000E-06,-385.9296441E-03,+1.7161004841E+00
+112.5000E-06,-385.9296441E-03,+1.7366833985E+00
+113.0000E-06,-385.9296441E-03,+1.7572663128E+00
+113.5000E-06,-400.3376842E-03,+1.7598391771E+00
+114.0000E-06,-433.2703471E-03,+1.7392562628E+00
+114.5000E-06,-466.2030101E-03,+1.7186733484E+00
+115.0000E-06,-499.1356730E-03,+1.6980904341E+00
+115.5000E-06,-497.0773816E-03,+1.6884421930E+00
+116.0000E-06,-464.1447186E-03,+1.6884421930E+00
+116.5000E-06,-431.2120557E-03,+1.6884421930E+00
+117.0000E-06,-398.2793927E-03,+1.6884421930E+00
+117.5000E-06,-406.5125585E-03,+1.6884421930E+00
+118.0000E-06,-439.4452214E-03,+1.6884421930E+00
+118.5000E-06,-472.3778844E-03,+1.6884421930E+00
+119.0000E-06,-505.3105474E-03,+1.6884421930E+00
+119.5000E-06,-467.2321558E-03,+1.6736482233E+00
+120.0000E-06,-401.3668299E-03,+1.6530653089E+00
+120.5000E-06,-335.5015039E-03,+1.6324823946E+00
+121.0000E-06,-269.6361780E-03,+1.6118994802E+00
+121.5000E-06,-310.8020067E-03,+1.6080401838E+00
+122.0000E-06,-376.6673326E-03,+1.6080401838E+00
+122.5000E-06,-442.5326586E-03,+1.6080401838E+00
+123.0000E-06,-508.3979845E-03,+1.6080401838E+00
+123.5000E-06,-544.4180846E-03,+1.6080401838E+00
+124.0000E-06,-577.3507476E-03,+1.6080401838E+00
+124.5000E-06,-610.2834105E-03,+1.6080401838E+00
+125.0000E-06,-643.2160735E-03,+1.6080401838E+00
+125.5000E-06,-610.2834105E-03,+1.5874572694E+00
+126.0000E-06,-577.3507476E-03,+1.5668743551E+00
+126.5000E-06,-544.4180846E-03,+1.5462914407E+00
+127.0000E-06,-514.5728588E-03,+1.5276381746E+00
+127.5000E-06,-514.5728588E-03,+1.5276381746E+00
+128.0000E-06,-514.5728588E-03,+1.5276381746E+00
+128.5000E-06,-514.5728588E-03,+1.5276381746E+00
+129.0000E-06,-520.7477331E-03,+1.5237788782E+00
+129.5000E-06,-553.6803961E-03,+1.5031959638E+00
+130.0000E-06,-586.6130590E-03,+1.4826130494E+00
+130.5000E-06,-619.5457220E-03,+1.4620301351E+00
+131.0000E-06,-643.2160735E-03,+1.4414472207E+00
+131.5000E-06,-643.2160735E-03,+1.4208643064E+00
+132.0000E-06,-643.2160735E-03,+1.4002813920E+00
+132.5000E-06,-643.2160735E-03,+1.3796984777E+00
+133.0000E-06,-643.2160735E-03,+1.3745527491E+00
+133.5000E-06,-643.2160735E-03,+1.3951356634E+00
+134.0000E-06,-643.2160735E-03,+1.4157185778E+00
+134.5000E-06,-643.2160735E-03,+1.4363014922E+00
+135.0000E-06,-643.2160735E-03,+1.4375879243E+00
+135.5000E-06,-643.2160735E-03,+1.4170050099E+00
+136.0000E-06,-643.2160735E-03,+1.3964220956E+00
+136.5000E-06,-643.2160735E-03,+1.3758391812E+00
+137.0000E-06,-643.2160735E-03,+1.3668341562E+00
+137.5000E-06,-643.2160735E-03,+1.3668341562E+00
+138.0000E-06,-643.2160735E-03,+1.3668341562E+00
+138.5000E-06,-643.2160735E-03,+1.3668341562E+00
+139.0000E-06,-664.8281336E-03,+1.3668341562E+00
+139.5000E-06,-697.7607965E-03,+1.3668341562E+00
+140.0000E-06,-730.6934595E-03,+1.3668341562E+00
+140.5000E-06,-763.6261225E-03,+1.3668341562E+00
+141.0000E-06,-771.8592882E-03,+1.3359597847E+00
+141.5000E-06,-771.8592882E-03,+1.2947939560E+00
+142.0000E-06,-771.8592882E-03,+1.2536281273E+00
+142.5000E-06,-771.8592882E-03,+1.2124622986E+00
+143.0000E-06,-744.0723538E-03,+1.2060301378E+00
+143.5000E-06,-711.1396909E-03,+1.2060301378E+00
+144.0000E-06,-678.2070279E-03,+1.2060301378E+00
+144.5000E-06,-645.2743649E-03,+1.2060301378E+00
+145.0000E-06,-643.2160735E-03,+1.2060301378E+00
+145.5000E-06,-643.2160735E-03,+1.2060301378E+00
+146.0000E-06,-643.2160735E-03,+1.2060301378E+00
+146.5000E-06,-644.2452192E-03,+1.2047437057E+00
+147.0000E-06,-677.1778822E-03,+1.1635778770E+00
+147.5000E-06,-710.1105452E-03,+1.1224120483E+00
+148.0000E-06,-743.0432081E-03,+1.0812462196E+00
+148.5000E-06,-771.8592882E-03,+1.0477989838E+00
+149.0000E-06,-771.8592882E-03,+1.0683818981E+00
+149.5000E-06,-771.8592882E-03,+1.0889648125E+00
+150.0000E-06,-771.8592882E-03,+1.1095477268E+00
+150.5000E-06,-779.0633082E-03,+1.1211256161E+00
+151.0000E-06,-811.9959712E-03,+1.1005427018E+00
+151.5000E-06,-844.9286342E-03,+1.0799597874E+00
+152.0000E-06,-877.8612971E-03,+1.0593768731E+00
+152.5000E-06,-879.9195886E-03,+1.0387939587E+00
+153.0000E-06,-814.0542626E-03,+1.0182110444E+00
+153.5000E-06,-748.1889367E-03,+997.6281300E-03
+154.0000E-06,-682.3236108E-03,+977.0452157E-03
+154.5000E-06,-656.5949678E-03,+964.8241103E-03
+155.0000E-06,-689.5276308E-03,+964.8241103E-03
+155.5000E-06,-722.4602938E-03,+964.8241103E-03
+156.0000E-06,-755.3929567E-03,+964.8241103E-03
+156.5000E-06,-788.3256197E-03,+964.8241103E-03
+157.0000E-06,-821.2582827E-03,+964.8241103E-03
+157.5000E-06,-854.1909456E-03,+964.8241103E-03
+158.0000E-06,-887.1236086E-03,+964.8241103E-03
+158.5000E-06,-880.9487343E-03,+952.6030049E-03
+159.0000E-06,-848.0160713E-03,+932.0200905E-03
+159.5000E-06,-815.0834084E-03,+911.4371762E-03
+160.0000E-06,-782.1507454E-03,+890.8542618E-03
+160.5000E-06,-817.1416998E-03,+898.5728547E-03
+161.0000E-06,-883.0070257E-03,+919.1557691E-03
+161.5000E-06,-948.8723516E-03,+939.7386834E-03
+162.0000E-06,-1.0147376776E+00,+960.3215978E-03
+162.5000E-06,-1.0034170747E+00,+948.7437084E-03
+163.0000E-06,-970.4844117E-03,+928.1607941E-03
+163.5000E-06,-937.5517488E-03,+907.5778797E-03
+164.0000E-06,-904.6190858E-03,+886.9949654E-03
+164.5000E-06,-900.5025029E-03,+884.4221011E-03
+165.0000E-06,-900.5025029E-03,+884.4221011E-03
+165.5000E-06,-900.5025029E-03,+884.4221011E-03
+166.0000E-06,-900.5025029E-03,+884.4221011E-03
+166.5000E-06,-900.5025029E-03,+864.4824028E-03
+167.0000E-06,-900.5025029E-03,+843.8994884E-03
+167.5000E-06,-900.5025029E-03,+823.3165741E-03
+168.0000E-06,-902.5607944E-03,+804.0200919E-03
+168.5000E-06,-935.4934573E-03,+804.0200919E-03
+169.0000E-06,-968.4261203E-03,+804.0200919E-03
+169.5000E-06,-1.0013587832E+00,+804.0200919E-03
+170.0000E-06,-1.0342914462E+00,+800.8040115E-03
+170.5000E-06,-1.0672241092E+00,+780.2210972E-03
+171.0000E-06,-1.1001567721E+00,+759.6381828E-03
+171.5000E-06,-1.1330894351E+00,+739.0552685E-03
+172.0000E-06,-1.1495557666E+00,+723.6180827E-03
+172.5000E-06,-1.1166231036E+00,+723.6180827E-03
+173.0000E-06,-1.0836904407E+00,+723.6180827E-03
+173.5000E-06,-1.0507577777E+00,+723.6180827E-03
+174.0000E-06,-1.0291457176E+00,+723.6180827E-03
+174.5000E-06,-1.0291457176E+00,+723.6180827E-03
+175.0000E-06,-1.0291457176E+00,+723.6180827E-03
+175.5000E-06,-1.0291457176E+00,+723.6180827E-03
+176.0000E-06,-1.0435537577E+00,+714.6130577E-03
+176.5000E-06,-1.0764864206E+00,+694.0301433E-03
+177.0000E-06,-1.1094190836E+00,+673.4472290E-03
+177.5000E-06,-1.1423517466E+00,+652.8643146E-03
+178.0000E-06,-1.1402934551E+00,+632.2814003E-03
+178.5000E-06,-1.1073607922E+00,+611.6984859E-03
+179.0000E-06,-1.0744281292E+00,+591.1155716E-03
+179.5000E-06,-1.0414954662E+00,+570.5326572E-03
+180.0000E-06,-1.0291457176E+00,+562.8140643E-03
+180.5000E-06,-1.0291457176E+00,+562.8140643E-03
+181.0000E-06,-1.0291457176E+00,+562.8140643E-03
+181.5000E-06,-1.0291457176E+00,+562.8140643E-03
+182.0000E-06,-1.0528160691E+00,+562.8140643E-03
+182.5000E-06,-1.0857487321E+00,+562.8140643E-03
+183.0000E-06,-1.1186813951E+00,+562.8140643E-03
+183.5000E-06,-1.1516140580E+00,+562.8140643E-03
+184.0000E-06,-1.1577889323E+00,+562.8140643E-03
+184.5000E-06,-1.1577889323E+00,+562.8140643E-03
+185.0000E-06,-1.1577889323E+00,+562.8140643E-03
+185.5000E-06,-1.1577889323E+00,+562.8140643E-03
+186.0000E-06,-1.1577889323E+00,+544.1607982E-03
+186.5000E-06,-1.1577889323E+00,+523.5778838E-03
+187.0000E-06,-1.1577889323E+00,+502.9949695E-03
+187.5000E-06,-1.1577889323E+00,+482.4120551E-03
+188.0000E-06,-1.1577889323E+00,+482.4120551E-03
+188.5000E-06,-1.1577889323E+00,+482.4120551E-03
+189.0000E-06,-1.1577889323E+00,+482.4120551E-03
+189.5000E-06,-1.1608763695E+00,+478.5527587E-03
+190.0000E-06,-1.1938090324E+00,+437.3869300E-03
+190.5000E-06,-1.2267416954E+00,+396.2211013E-03
+191.0000E-06,-1.2596743584E+00,+355.0552726E-03
+191.5000E-06,-1.2864321470E+00,+321.6080368E-03
+192.0000E-06,-1.2864321470E+00,+321.6080368E-03
+192.5000E-06,-1.2864321470E+00,+321.6080368E-03
+193.0000E-06,-1.2864321470E+00,+321.6080368E-03
+193.5000E-06,-1.2956944585E+00,+315.8190921E-03
+194.0000E-06,-1.3286271214E+00,+295.2361777E-03
+194.5000E-06,-1.3615597844E+00,+274.6532634E-03
+195.0000E-06,-1.3944924474E+00,+254.0703490E-03
+195.5000E-06,-1.4150753617E+00,+241.2060276E-03
+196.0000E-06,-1.4150753617E+00,+241.2060276E-03
+196.5000E-06,-1.4150753617E+00,+241.2060276E-03
+197.0000E-06,-1.4150753617E+00,+241.2060276E-03
+197.5000E-06,-1.4150753617E+00,+231.5577865E-03
+198.0000E-06,-1.4150753617E+00,+210.9748721E-03
+198.5000E-06,-1.4150753617E+00,+190.3919578E-03
+199.0000E-06,-1.4150753617E+00,+169.8090434E-03
+199.5000E-06,-1.3965507388E+00,+172.3819077E-03
+200.0000E-06,-1.3636180758E+00,+192.9648221E-03
+200.5000E-06,-1.3306854129E+00,+213.5477364E-03
+201.0000E-06,-1.2977527499E+00,+234.1306508E-03
+201.5000E-06,-1.3080442071E+00,+227.6984900E-03
+202.0000E-06,-1.3409768701E+00,+207.1155757E-03
+202.5000E-06,-1.3739095330E+00,+186.5326613E-03
+203.0000E-06,-1.4068421960E+00,+165.9497470E-03
+203.5000E-06,-1.4150753617E+00,+145.3668326E-03
+204.0000E-06,-1.4150753617E+00,+124.7839183E-03
+204.5000E-06,-1.4150753617E+00,+104.2010039E-03
+205.0000E-06,-1.4150753617E+00,+83.6180896E-03
+205.5000E-06,-1.4428622961E+00,+80.4020092E-03
+206.0000E-06,-1.4757949591E+00,+80.4020092E-03
+206.5000E-06,-1.5087276220E+00,+80.4020092E-03
+207.0000E-06,-1.5416602850E+00,+80.4020092E-03
+207.5000E-06,-1.5128442049E+00,+80.4020092E-03
+208.0000E-06,-1.4799115419E+00,+80.4020092E-03
+208.5000E-06,-1.4469788790E+00,+80.4020092E-03
+209.0000E-06,-1.4150753617E+00,+79.7587931E-03
+209.5000E-06,-1.4150753617E+00,+59.1758788E-03
+210.0000E-06,-1.4150753617E+00,+38.5929644E-03
+210.5000E-06,-1.4150753617E+00,+18.0100501E-03
+211.0000E-06,-1.4150753617E+00,+0.0E+00
+211.5000E-06,-1.4150753617E+00,+0.0E+00
+212.0000E-06,-1.4150753617E+00,+0.0E+00
+212.5000E-06,-1.4150753617E+00,+0.0E+00
+213.0000E-06,-1.4222793818E+00,+0.0E+00
+213.5000E-06,-1.4552120447E+00,+0.0E+00
+214.0000E-06,-1.4881447077E+00,+0.0E+00
+214.5000E-06,-1.5210773706E+00,+0.0E+00
+215.0000E-06,-1.5437185764E+00,-12.8643215E-03
+215.5000E-06,-1.5437185764E+00,-54.0301502E-03
+216.0000E-06,-1.5437185764E+00,-95.1959789E-03
+216.5000E-06,-1.5437185764E+00,-136.3618076E-03
+217.0000E-06,-1.5570974708E+00,-160.8040184E-03
+217.5000E-06,-1.5900301337E+00,-160.8040184E-03
+218.0000E-06,-1.6229627967E+00,-160.8040184E-03
+218.5000E-06,-1.6558954597E+00,-160.8040184E-03
+219.0000E-06,-1.6558954597E+00,-160.8040184E-03
+219.5000E-06,-1.6229627967E+00,-160.8040184E-03
+220.0000E-06,-1.5900301337E+00,-160.8040184E-03
+220.5000E-06,-1.5570974708E+00,-160.8040184E-03
+221.0000E-06,-1.5437185764E+00,-160.8040184E-03
+221.5000E-06,-1.5437185764E+00,-160.8040184E-03
+222.0000E-06,-1.5437185764E+00,-160.8040184E-03
+222.5000E-06,-1.5437185764E+00,-160.8040184E-03
+223.0000E-06,-1.5437185764E+00,-174.9547720E-03
+223.5000E-06,-1.5437185764E+00,-195.5376863E-03
+224.0000E-06,-1.5437185764E+00,-216.1206007E-03
+224.5000E-06,-1.5437185764E+00,-236.7035151E-03
+225.0000E-06,-1.5437185764E+00,-257.2864294E-03
+225.5000E-06,-1.5437185764E+00,-277.8693438E-03
+226.0000E-06,-1.5437185764E+00,-298.4522581E-03
+226.5000E-06,-1.5437185764E+00,-319.0351725E-03
+227.0000E-06,-1.5437185764E+00,-321.6080368E-03
+227.5000E-06,-1.5437185764E+00,-321.6080368E-03
+228.0000E-06,-1.5437185764E+00,-321.6080368E-03
+228.5000E-06,-1.5437185764E+00,-321.6080368E-03
+229.0000E-06,-1.5756220937E+00,-321.6080368E-03
+229.5000E-06,-1.6085547566E+00,-321.6080368E-03
+230.0000E-06,-1.6414874196E+00,-321.6080368E-03
+230.5000E-06,-1.6723617911E+00,-322.8944689E-03
+231.0000E-06,-1.6723617911E+00,-343.4773833E-03
+231.5000E-06,-1.6723617911E+00,-364.0602976E-03
+232.0000E-06,-1.6723617911E+00,-384.6432120E-03
+232.5000E-06,-1.6775075197E+00,-402.0100459E-03
+233.0000E-06,-1.7104401827E+00,-402.0100459E-03
+233.5000E-06,-1.7433728456E+00,-402.0100459E-03
+234.0000E-06,-1.7763055086E+00,-402.0100459E-03
+234.5000E-06,-1.8010050058E+00,-402.0100459E-03
+235.0000E-06,-1.8010050058E+00,-402.0100459E-03
+235.5000E-06,-1.8010050058E+00,-402.0100459E-03
+236.0000E-06,-1.8010050058E+00,-402.0100459E-03
+236.5000E-06,-1.8010050058E+00,-409.0854228E-03
+237.0000E-06,-1.8010050058E+00,-429.6683371E-03
+237.5000E-06,-1.8010050058E+00,-450.2512515E-03
+238.0000E-06,-1.8010050058E+00,-470.8341658E-03
+238.5000E-06,-1.7865969658E+00,-491.4170802E-03
+239.0000E-06,-1.7536643028E+00,-511.9999945E-03
+239.5000E-06,-1.7207316399E+00,-532.5829089E-03
+240.0000E-06,-1.6877989769E+00,-553.1658232E-03
+240.5000E-06,-1.6723617911E+00,-551.8793911E-03
+241.0000E-06,-1.6723617911E+00,-531.2964767E-03
+241.5000E-06,-1.6723617911E+00,-510.7135624E-03
+242.0000E-06,-1.6723617911E+00,-490.1306480E-03
+242.5000E-06,-1.6929447055E+00,-495.2763766E-03
+243.0000E-06,-1.7258773685E+00,-515.8592910E-03
+243.5000E-06,-1.7588100314E+00,-536.4422053E-03
+244.0000E-06,-1.7917426944E+00,-557.0251197E-03
+244.5000E-06,-1.8010050058E+00,-562.8140643E-03
+245.0000E-06,-1.8010050058E+00,-562.8140643E-03
+245.5000E-06,-1.8010050058E+00,-562.8140643E-03
+246.0000E-06,-1.8010050058E+00,-562.8140643E-03
+246.5000E-06,-1.8010050058E+00,-596.2613001E-03
+247.0000E-06,-1.8010050058E+00,-637.4271289E-03
+247.5000E-06,-1.8010050058E+00,-678.5929576E-03
+248.0000E-06,-1.8010050058E+00,-719.7587863E-03
+248.5000E-06,-1.8010050058E+00,-723.6180827E-03
+249.0000E-06,-1.8010050058E+00,-723.6180827E-03
+249.5000E-06,-1.8010050058E+00,-723.6180827E-03
+250.0000E-06,-1.8010050058E+00,-723.6180827E-03
+250.5000E-06,-1.8010050058E+00,-723.6180827E-03
+251.0000E-06,-1.8010050058E+00,-723.6180827E-03
+251.5000E-06,-1.8010050058E+00,-723.6180827E-03
+252.0000E-06,-1.8040924430E+00,-723.6180827E-03
+252.5000E-06,-1.8370251060E+00,-723.6180827E-03
+253.0000E-06,-1.8699577689E+00,-723.6180827E-03
+253.5000E-06,-1.9028904319E+00,-723.6180827E-03
+254.0000E-06,-1.9234733462E+00,-719.7587863E-03
+254.5000E-06,-1.8905406833E+00,-699.1758719E-03
+255.0000E-06,-1.8576080203E+00,-678.5929576E-03
+255.5000E-06,-1.8246753573E+00,-658.0100432E-03
+256.0000E-06,-1.8010050058E+00,-654.7939628E-03
+256.5000E-06,-1.8010050058E+00,-695.9597915E-03
+257.0000E-06,-1.8010050058E+00,-737.1256202E-03
+257.5000E-06,-1.8010050058E+00,-778.2914490E-03
+258.0000E-06,-1.8133547544E+00,-811.7386848E-03
+258.5000E-06,-1.8462874174E+00,-832.3215991E-03
+259.0000E-06,-1.8792200804E+00,-852.9045135E-03
+259.5000E-06,-1.9121527433E+00,-873.4874278E-03
+260.0000E-06,-1.9296482205E+00,-894.0703422E-03
+260.5000E-06,-1.9296482205E+00,-914.6532565E-03
+261.0000E-06,-1.9296482205E+00,-935.2361709E-03
+261.5000E-06,-1.9296482205E+00,-955.8190852E-03
+262.0000E-06,-1.9481728435E+00,-964.8241103E-03
+262.5000E-06,-1.9811055064E+00,-964.8241103E-03
+263.0000E-06,-2.0140381694E+00,-964.8241103E-03
+263.5000E-06,-2.0469708323E+00,-964.8241103E-03
+264.0000E-06,-2.0366793752E+00,-964.8241103E-03
+264.5000E-06,-2.0037467122E+00,-964.8241103E-03
+265.0000E-06,-1.9708140492E+00,-964.8241103E-03
+265.5000E-06,-1.9378813863E+00,-964.8241103E-03
+266.0000E-06,-1.9296482205E+00,-964.8241103E-03
+266.5000E-06,-1.9296482205E+00,-964.8241103E-03
+267.0000E-06,-1.9296482205E+00,-964.8241103E-03
+267.5000E-06,-1.9296482205E+00,-964.8241103E-03
+268.0000E-06,-1.9296482205E+00,-982.1909443E-03
+268.5000E-06,-1.9296482205E+00,-1.0027738586E+00
+269.0000E-06,-1.9296482205E+00,-1.0233567730E+00
+269.5000E-06,-1.9296482205E+00,-1.0439396873E+00
+270.0000E-06,-1.9605225921E+00,-1.0452261195E+00
+270.5000E-06,-1.9934552550E+00,-1.0452261195E+00
+271.0000E-06,-2.0263879180E+00,-1.0452261195E+00
+271.5000E-06,-2.0582914352E+00,-1.0458693355E+00
+272.0000E-06,-2.0582914352E+00,-1.0664522499E+00
+272.5000E-06,-2.0582914352E+00,-1.0870351642E+00
+273.0000E-06,-2.0582914352E+00,-1.1076180786E+00
+273.5000E-06,-2.0624080181E+00,-1.1256281286E+00
+274.0000E-06,-2.0953406811E+00,-1.1256281286E+00
+274.5000E-06,-2.1282733440E+00,-1.1256281286E+00
+275.0000E-06,-2.1612060070E+00,-1.1256281286E+00
+275.5000E-06,-2.1797306299E+00,-1.1301306412E+00
+276.0000E-06,-2.1467979670E+00,-1.1507135555E+00
+276.5000E-06,-2.1138653040E+00,-1.1712964699E+00
+277.0000E-06,-2.0809326410E+00,-1.1918793842E+00
+277.5000E-06,-2.0582914352E+00,-1.2124622986E+00
+278.0000E-06,-2.0582914352E+00,-1.2330452129E+00
+278.5000E-06,-2.0582914352E+00,-1.2536281273E+00
+279.0000E-06,-2.0582914352E+00,-1.2742110416E+00
+279.5000E-06,-2.0716703296E+00,-1.2864321470E+00
+280.0000E-06,-2.1046029925E+00,-1.2864321470E+00
+280.5000E-06,-2.1375356555E+00,-1.2864321470E+00
+281.0000E-06,-2.1704683185E+00,-1.2864321470E+00
+281.5000E-06,-2.1869346499E+00,-1.2864321470E+00
+282.0000E-06,-2.1869346499E+00,-1.2864321470E+00
+282.5000E-06,-2.1869346499E+00,-1.2864321470E+00
+283.0000E-06,-2.1869346499E+00,-1.2864321470E+00
+283.5000E-06,-2.1673808813E+00,-1.2986532524E+00
+284.0000E-06,-2.1344482183E+00,-1.3192361668E+00
+284.5000E-06,-2.1015155554E+00,-1.3398190811E+00
+285.0000E-06,-2.0685828924E+00,-1.3604019955E+00
+285.5000E-06,-2.0809326410E+00,-1.3526834026E+00
+286.0000E-06,-2.1138653040E+00,-1.3321004882E+00
+286.5000E-06,-2.1467979670E+00,-1.3115175739E+00
+287.0000E-06,-2.1797306299E+00,-1.2909346595E+00
+287.5000E-06,-2.1869346499E+00,-1.3025125489E+00
+288.0000E-06,-2.1869346499E+00,-1.3230954632E+00
+288.5000E-06,-2.1869346499E+00,-1.3436783776E+00
+289.0000E-06,-2.1869346499E+00,-1.3642612919E+00
+289.5000E-06,-2.1869346499E+00,-1.3848442063E+00
+290.0000E-06,-2.1869346499E+00,-1.4054271206E+00
+290.5000E-06,-2.1869346499E+00,-1.4260100350E+00
+291.0000E-06,-2.1869346499E+00,-1.4465929493E+00
+291.5000E-06,-2.2188381672E+00,-1.4472361654E+00
+292.0000E-06,-2.2517708302E+00,-1.4472361654E+00
+292.5000E-06,-2.2847034931E+00,-1.4472361654E+00
+293.0000E-06,-2.3135195732E+00,-1.4472361654E+00
+293.5000E-06,-2.2805869102E+00,-1.4472361654E+00
+294.0000E-06,-2.2476542473E+00,-1.4472361654E+00
+294.5000E-06,-2.2147215843E+00,-1.4472361654E+00
+295.0000E-06,-2.1869346499E+00,-1.4536683261E+00
+295.5000E-06,-2.1869346499E+00,-1.4948341548E+00
+296.0000E-06,-2.1869346499E+00,-1.5359999835E+00
+296.5000E-06,-2.1869346499E+00,-1.5771658123E+00
+297.0000E-06,-2.1869346499E+00,-1.6080401838E+00
+297.5000E-06,-2.1869346499E+00,-1.6080401838E+00
+298.0000E-06,-2.1869346499E+00,-1.6080401838E+00
+298.5000E-06,-2.1869346499E+00,-1.6080401838E+00
+299.0000E-06,-2.2095758557E+00,-1.6080401838E+00
+299.5000E-06,-2.2754411817E+00,-1.6080401838E+00
+300.0000E-06,-2.3413065076E+00,-1.6080401838E+00
+300.5000E-06,-2.4071718335E+00,-1.6080401838E+00
+301.0000E-06,-2.4298130393E+00,-1.6080401838E+00
+301.5000E-06,-2.3968803763E+00,-1.6080401838E+00
+302.0000E-06,-2.3639477134E+00,-1.6080401838E+00
+302.5000E-06,-2.3310150504E+00,-1.6080401838E+00
+303.0000E-06,-2.3155778646E+00,-1.6189748570E+00
+303.5000E-06,-2.3155778646E+00,-1.6395577714E+00
+304.0000E-06,-2.3155778646E+00,-1.6601406857E+00
+304.5000E-06,-2.3155778646E+00,-1.6807236001E+00
+305.0000E-06,-2.3155778646E+00,-1.6884421930E+00
+305.5000E-06,-2.3155778646E+00,-1.6884421930E+00
+306.0000E-06,-2.3155778646E+00,-1.6884421930E+00
+306.5000E-06,-2.3155778646E+00,-1.6884421930E+00
+307.0000E-06,-2.3155778646E+00,-1.7032361627E+00
+307.5000E-06,-2.3155778646E+00,-1.7238190770E+00
+308.0000E-06,-2.3155778646E+00,-1.7444019914E+00
+308.5000E-06,-2.3155778646E+00,-1.7649849057E+00
+309.0000E-06,-2.3423356533E+00,-1.7688442022E+00
+309.5000E-06,-2.3752683163E+00,-1.7688442022E+00
+310.0000E-06,-2.4082009792E+00,-1.7688442022E+00
+310.5000E-06,-2.4411336422E+00,-1.7688442022E+00
+311.0000E-06,-2.4442210793E+00,-1.7688442022E+00
+311.5000E-06,-2.4442210793E+00,-1.7688442022E+00
+312.0000E-06,-2.4442210793E+00,-1.7688442022E+00
+312.5000E-06,-2.4442210793E+00,-1.7688442022E+00
+313.0000E-06,-2.4442210793E+00,-1.7894271165E+00
+313.5000E-06,-2.4442210793E+00,-1.8100100309E+00
+314.0000E-06,-2.4442210793E+00,-1.8305929452E+00
+314.5000E-06,-2.4411336422E+00,-1.8511758596E+00
+315.0000E-06,-2.4082009792E+00,-1.8717587739E+00
+315.5000E-06,-2.3752683163E+00,-1.8923416883E+00
+316.0000E-06,-2.3423356533E+00,-1.9129246026E+00
+316.5000E-06,-2.3217527390E+00,-1.9296482205E+00
+317.0000E-06,-2.3546854019E+00,-1.9296482205E+00
+317.5000E-06,-2.3876180649E+00,-1.9296482205E+00
+318.0000E-06,-2.4205507278E+00,-1.9296482205E+00
+318.5000E-06,-2.4349587679E+00,-1.9238592759E+00
+319.0000E-06,-2.4020261049E+00,-1.9032763615E+00
+319.5000E-06,-2.3690934420E+00,-1.8826934472E+00
+320.0000E-06,-2.3361607790E+00,-1.8621105328E+00
+320.5000E-06,-2.3279276133E+00,-1.8569648042E+00
+321.0000E-06,-2.3608602762E+00,-1.8775477186E+00
+321.5000E-06,-2.3937929392E+00,-1.8981306329E+00
+322.0000E-06,-2.4267256022E+00,-1.9187135473E+00
+322.5000E-06,-2.4442210793E+00,-1.9392964616E+00
+323.0000E-06,-2.4442210793E+00,-1.9598793760E+00
+323.5000E-06,-2.4442210793E+00,-1.9804622903E+00
+324.0000E-06,-2.4442210793E+00,-2.0010452047E+00
+324.5000E-06,-2.4442210793E+00,-2.0100502297E+00
+325.0000E-06,-2.4442210793E+00,-2.0100502297E+00
+325.5000E-06,-2.4442210793E+00,-2.0100502297E+00
+326.0000E-06,-2.4442210793E+00,-2.0100502297E+00
+326.5000E-06,-2.4442210793E+00,-2.0235577673E+00
+327.0000E-06,-2.4442210793E+00,-2.0441406816E+00
+327.5000E-06,-2.4442210793E+00,-2.0647235960E+00
+328.0000E-06,-2.4442210793E+00,-2.0853065103E+00
+328.5000E-06,-2.4442210793E+00,-2.0904522389E+00
+329.0000E-06,-2.4442210793E+00,-2.0904522389E+00
+329.5000E-06,-2.4442210793E+00,-2.0904522389E+00
+330.0000E-06,-2.4442210793E+00,-2.0904522389E+00
+330.5000E-06,-2.4442210793E+00,-2.0904522389E+00
+331.0000E-06,-2.4442210793E+00,-2.0904522389E+00
+331.5000E-06,-2.4442210793E+00,-2.0904522389E+00
+332.0000E-06,-2.4442210793E+00,-2.0904522389E+00
+332.5000E-06,-2.4750954509E+00,-2.1290452033E+00
+333.0000E-06,-2.5080281138E+00,-2.1702110320E+00
+333.5000E-06,-2.5409607768E+00,-2.2113768607E+00
+334.0000E-06,-2.5718351483E+00,-2.2512562573E+00
+334.5000E-06,-2.5389024854E+00,-2.2512562573E+00
+335.0000E-06,-2.5059698224E+00,-2.2512562573E+00
+335.5000E-06,-2.4730371594E+00,-2.2512562573E+00
+336.0000E-06,-2.4524542451E+00,-2.2512562573E+00
+336.5000E-06,-2.5183195710E+00,-2.2512562573E+00
+337.0000E-06,-2.5841848969E+00,-2.2512562573E+00
+337.5000E-06,-2.6500502229E+00,-2.2512562573E+00
+338.0000E-06,-2.6943034887E+00,-2.2512562573E+00
+338.5000E-06,-2.6613708258E+00,-2.2512562573E+00
+339.0000E-06,-2.6284381628E+00,-2.2512562573E+00
+339.5000E-06,-2.5955054998E+00,-2.2512562573E+00
+340.0000E-06,-2.5728642941E+00,-2.2576884180E+00
+340.5000E-06,-2.5728642941E+00,-2.2782713324E+00
+341.0000E-06,-2.5728642941E+00,-2.2988542467E+00
+341.5000E-06,-2.5728642941E+00,-2.3194371611E+00
+342.0000E-06,-2.5728642941E+00,-2.3316582665E+00
+342.5000E-06,-2.5728642941E+00,-2.3316582665E+00
+343.0000E-06,-2.5728642941E+00,-2.3316582665E+00
+343.5000E-06,-2.5728642941E+00,-2.3316582665E+00
+344.0000E-06,-2.5893306255E+00,-2.3419497237E+00
+344.5000E-06,-2.6222632885E+00,-2.3625326380E+00
+345.0000E-06,-2.6551959515E+00,-2.3831155524E+00
+345.5000E-06,-2.6881286144E+00,-2.4036984667E+00
+346.0000E-06,-2.6819537401E+00,-2.3998391703E+00
+346.5000E-06,-2.6490210772E+00,-2.3792562559E+00
+347.0000E-06,-2.6160884142E+00,-2.3586733416E+00
+347.5000E-06,-2.5831557512E+00,-2.3380904272E+00
+348.0000E-06,-2.5955054998E+00,-2.3458090201E+00
+348.5000E-06,-2.6284381628E+00,-2.3663919345E+00
+349.0000E-06,-2.6613708258E+00,-2.3869748488E+00
+349.5000E-06,-2.6943034887E+00,-2.4075577632E+00
+350.0000E-06,-2.6757788658E+00,-2.4120602757E+00
+350.5000E-06,-2.6428462029E+00,-2.4120602757E+00
+351.0000E-06,-2.6099135399E+00,-2.4120602757E+00
+351.5000E-06,-2.5769808769E+00,-2.4120602757E+00
+352.0000E-06,-2.5728642941E+00,-2.4120602757E+00
+352.5000E-06,-2.5728642941E+00,-2.4120602757E+00
+353.0000E-06,-2.5728642941E+00,-2.4120602757E+00
+353.5000E-06,-2.5728642941E+00,-2.4120602757E+00
+354.0000E-06,-2.5728642941E+00,-2.4319999740E+00
+354.5000E-06,-2.5728642941E+00,-2.4525828883E+00
+355.0000E-06,-2.5728642941E+00,-2.4731658027E+00
+355.5000E-06,-2.5749225855E+00,-2.4924622849E+00
+356.0000E-06,-2.6078552485E+00,-2.4924622849E+00
+356.5000E-06,-2.6407879114E+00,-2.4924622849E+00
+357.0000E-06,-2.6737205744E+00,-2.4924622849E+00
+357.5000E-06,-2.6963617802E+00,-2.4956783652E+00
+358.0000E-06,-2.6634291172E+00,-2.5162612796E+00
+358.5000E-06,-2.6304964542E+00,-2.5368441939E+00
+359.0000E-06,-2.5975637913E+00,-2.5574271083E+00
+359.5000E-06,-2.5810974598E+00,-2.5728642941E+00
+360.0000E-06,-2.6140301228E+00,-2.5728642941E+00
+360.5000E-06,-2.6469627857E+00,-2.5728642941E+00
+361.0000E-06,-2.6798954487E+00,-2.5728642941E+00
+361.5000E-06,-2.7015075088E+00,-2.5799396709E+00
+362.0000E-06,-2.7015075088E+00,-2.6005225852E+00
+362.5000E-06,-2.7015075088E+00,-2.6211054996E+00
+363.0000E-06,-2.7015075088E+00,-2.6416884139E+00
+363.5000E-06,-2.7015075088E+00,-2.6532663032E+00
+364.0000E-06,-2.7015075088E+00,-2.6532663032E+00
+364.5000E-06,-2.7015075088E+00,-2.6532663032E+00
+365.0000E-06,-2.7015075088E+00,-2.6532663032E+00
+365.5000E-06,-2.7190029860E+00,-2.6532663032E+00
+366.0000E-06,-2.7519356489E+00,-2.6532663032E+00
+366.5000E-06,-2.7848683119E+00,-2.6532663032E+00
+367.0000E-06,-2.8178009748E+00,-2.6532663032E+00
+367.5000E-06,-2.8301507235E+00,-2.6532663032E+00
+368.0000E-06,-2.8301507235E+00,-2.6532663032E+00
+368.5000E-06,-2.8301507235E+00,-2.6532663032E+00
+369.0000E-06,-2.8301507235E+00,-2.6532663032E+00
+369.5000E-06,-2.8064803720E+00,-2.6532663032E+00
+370.0000E-06,-2.7735477090E+00,-2.6532663032E+00
+370.5000E-06,-2.7406150460E+00,-2.6532663032E+00
+371.0000E-06,-2.7076823831E+00,-2.6532663032E+00
+371.5000E-06,-2.7282652974E+00,-2.6699899212E+00
+372.0000E-06,-2.7611979604E+00,-2.6905728355E+00
+372.5000E-06,-2.7941306233E+00,-2.7111557499E+00
+373.0000E-06,-2.8270632863E+00,-2.7317386642E+00
+373.5000E-06,-2.8301507235E+00,-2.7523215786E+00
+374.0000E-06,-2.8301507235E+00,-2.7729044929E+00
+374.5000E-06,-2.8301507235E+00,-2.7934874073E+00
+375.0000E-06,-2.8301507235E+00,-2.8140703216E+00
+375.5000E-06,-2.8301507235E+00,-2.8140703216E+00
+376.0000E-06,-2.8301507235E+00,-2.8140703216E+00
+376.5000E-06,-2.8301507235E+00,-2.8140703216E+00
+377.0000E-06,-2.8270632863E+00,-2.8140703216E+00
+377.5000E-06,-2.7941306233E+00,-2.8140703216E+00
+378.0000E-06,-2.7611979604E+00,-2.8140703216E+00
+378.5000E-06,-2.7282652974E+00,-2.8140703216E+00
+379.0000E-06,-2.7015075088E+00,-2.8140703216E+00
+379.5000E-06,-2.7015075088E+00,-2.8140703216E+00
+380.0000E-06,-2.7015075088E+00,-2.8140703216E+00
+380.5000E-06,-2.7015075088E+00,-2.8140703216E+00
+381.0000E-06,-2.7015075088E+00,-2.8256482109E+00
+381.5000E-06,-2.7015075088E+00,-2.8668140396E+00
+382.0000E-06,-2.7015075088E+00,-2.9079798684E+00
+382.5000E-06,-2.7015075088E+00,-2.9491456971E+00
+383.0000E-06,-2.7015075088E+00,-2.9748743400E+00
+383.5000E-06,-2.7015075088E+00,-2.9748743400E+00
+384.0000E-06,-2.7015075088E+00,-2.9748743400E+00
+384.5000E-06,-2.7015075088E+00,-2.9748743400E+00
+385.0000E-06,-2.7015075088E+00,-2.9748743400E+00
+385.5000E-06,-2.7015075088E+00,-2.9748743400E+00
+386.0000E-06,-2.7015075088E+00,-2.9748743400E+00
+386.5000E-06,-2.7015075088E+00,-2.9748743400E+00
+387.0000E-06,-2.7200321317E+00,-2.9864522293E+00
+387.5000E-06,-2.7529647946E+00,-3.0070351437E+00
+388.0000E-06,-2.7858974576E+00,-3.0276180580E+00
+388.5000E-06,-2.8188301206E+00,-3.0482009724E+00
+389.0000E-06,-2.8085386634E+00,-3.0552763492E+00
+389.5000E-06,-2.7756060004E+00,-3.0552763492E+00
+390.0000E-06,-2.7426733375E+00,-3.0552763492E+00
+390.5000E-06,-2.7097406745E+00,-3.0552763492E+00
+391.0000E-06,-2.7262070060E+00,-3.0398391634E+00
+391.5000E-06,-2.7591396689E+00,-3.0192562491E+00
+392.0000E-06,-2.7920723319E+00,-2.9986733347E+00
+392.5000E-06,-2.8250049949E+00,-2.9780904204E+00
+393.0000E-06,-2.8023637891E+00,-2.9922411740E+00
+393.5000E-06,-2.7694311261E+00,-3.0128240883E+00
+394.0000E-06,-2.7364984632E+00,-3.0334070027E+00
+394.5000E-06,-2.7035658002E+00,-3.0539899170E+00
+395.0000E-06,-2.7323818803E+00,-3.0552763492E+00
+395.5000E-06,-2.7653145432E+00,-3.0552763492E+00
+396.0000E-06,-2.7982472062E+00,-3.0552763492E+00
+396.5000E-06,-2.8291215777E+00,-3.0559195653E+00
+397.0000E-06,-2.7961889148E+00,-3.0765024796E+00
+397.5000E-06,-2.7632562518E+00,-3.0970853940E+00
+398.0000E-06,-2.7303235888E+00,-3.1176683083E+00
+398.5000E-06,-2.7056240916E+00,-3.1356783584E+00
+399.0000E-06,-2.7385567546E+00,-3.1356783584E+00
+399.5000E-06,-2.7714894176E+00,-3.1356783584E+00
+400.0000E-06,-2.8044220805E+00,-3.1356783584E+00
+400.5000E-06,-2.8301507235E+00,-3.1401808709E+00
+401.0000E-06,-2.8301507235E+00,-3.1607637852E+00
+401.5000E-06,-2.8301507235E+00,-3.1813466996E+00
+402.0000E-06,-2.8301507235E+00,-3.2019296139E+00
+402.5000E-06,-2.8301507235E+00,-3.2096482068E+00
+403.0000E-06,-2.8301507235E+00,-3.1890652925E+00
+403.5000E-06,-2.8301507235E+00,-3.1684823781E+00
+404.0000E-06,-2.8301507235E+00,-3.1478994638E+00
+404.5000E-06,-2.8167718291E+00,-3.1440401673E+00
+405.0000E-06,-2.7838391662E+00,-3.1646230817E+00
+405.5000E-06,-2.7509065032E+00,-3.1852059960E+00
+406.0000E-06,-2.7179738402E+00,-3.2057889104E+00
+406.5000E-06,-2.7344401717E+00,-3.2263718247E+00
+407.0000E-06,-2.8003054976E+00,-3.2469547391E+00
+407.5000E-06,-2.8661708236E+00,-3.2675376534E+00
+408.0000E-06,-2.9320361495E+00,-3.2881205678E+00
+408.5000E-06,-2.9392401695E+00,-3.2842612714E+00
+409.0000E-06,-2.9063075066E+00,-3.2636783570E+00
+409.5000E-06,-2.8733748436E+00,-3.2430954427E+00
+410.0000E-06,-2.8404421806E+00,-3.2225125283E+00
+410.5000E-06,-2.8301507235E+00,-3.2302311212E+00
+411.0000E-06,-2.8301507235E+00,-3.2508140355E+00
+411.5000E-06,-2.8301507235E+00,-3.2713969499E+00
+412.0000E-06,-2.8301507235E+00,-3.2919798642E+00
+412.5000E-06,-2.8301507235E+00,-3.3125627786E+00
+413.0000E-06,-2.8301507235E+00,-3.3331456929E+00
+413.5000E-06,-2.8301507235E+00,-3.3537286073E+00
+414.0000E-06,-2.8301507235E+00,-3.3743115216E+00
+414.5000E-06,-2.8301507235E+00,-3.3588743359E+00
+415.0000E-06,-2.8301507235E+00,-3.3382914215E+00
+415.5000E-06,-2.8301507235E+00,-3.3177085072E+00
+416.0000E-06,-2.8301507235E+00,-3.2971255928E+00
+416.5000E-06,-2.8301507235E+00,-3.3164220750E+00
+417.0000E-06,-2.8301507235E+00,-3.3370049894E+00
+417.5000E-06,-2.8301507235E+00,-3.3575879037E+00
+418.0000E-06,-2.8301507235E+00,-3.3768843859E+00
+418.5000E-06,-2.8301507235E+00,-3.3768843859E+00
+419.0000E-06,-2.8301507235E+00,-3.3768843859E+00
+419.5000E-06,-2.8301507235E+00,-3.3768843859E+00
+420.0000E-06,-2.8352964520E+00,-3.3801004663E+00
+420.5000E-06,-2.8682291150E+00,-3.4006833807E+00
+421.0000E-06,-2.9011617780E+00,-3.4212662950E+00
+421.5000E-06,-2.9340944409E+00,-3.4418492094E+00
+422.0000E-06,-2.9505607724E+00,-3.4521406665E+00
+422.5000E-06,-2.9176281095E+00,-3.4315577522E+00
+423.0000E-06,-2.8846954465E+00,-3.4109748378E+00
+423.5000E-06,-2.8517627835E+00,-3.3903919235E+00
+424.0000E-06,-2.8414713264E+00,-3.3839597628E+00
+424.5000E-06,-2.8744039893E+00,-3.4045426771E+00
+425.0000E-06,-2.9073366523E+00,-3.4251255915E+00
+425.5000E-06,-2.9402693152E+00,-3.4457085058E+00
+426.0000E-06,-2.9587939382E+00,-3.4662914202E+00
+426.5000E-06,-2.9587939382E+00,-3.4868743345E+00
+427.0000E-06,-2.9587939382E+00,-3.5074572489E+00
+427.5000E-06,-2.9587939382E+00,-3.5280401632E+00
+428.0000E-06,-2.9587939382E+00,-3.5376884043E+00
+428.5000E-06,-2.9587939382E+00,-3.5376884043E+00
+429.0000E-06,-2.9587939382E+00,-3.5376884043E+00
+429.5000E-06,-2.9587939382E+00,-3.5376884043E+00
+430.0000E-06,-2.9382110238E+00,-3.5376884043E+00
+430.5000E-06,-2.9052783608E+00,-3.5376884043E+00
+431.0000E-06,-2.8723456979E+00,-3.5376884043E+00
+431.5000E-06,-2.8394130349E+00,-3.5376884043E+00
+432.0000E-06,-2.8301507235E+00,-3.5376884043E+00
+432.5000E-06,-2.8301507235E+00,-3.5376884043E+00
+433.0000E-06,-2.8301507235E+00,-3.5376884043E+00
+433.5000E-06,-2.8301507235E+00,-3.5376884043E+00
+434.0000E-06,-2.8301507235E+00,-3.5376884043E+00
+434.5000E-06,-2.8301507235E+00,-3.5376884043E+00
+435.0000E-06,-2.8301507235E+00,-3.5376884043E+00
+435.5000E-06,-2.8301507235E+00,-3.5376884043E+00
+436.0000E-06,-2.8599959493E+00,-3.5563416705E+00
+436.5000E-06,-2.8929286122E+00,-3.5769245848E+00
+437.0000E-06,-2.9258612752E+00,-3.5975074992E+00
+437.5000E-06,-2.9587939382E+00,-3.6180904135E+00
+438.0000E-06,-2.9258612752E+00,-3.6180904135E+00
+438.5000E-06,-2.8929286122E+00,-3.6180904135E+00
+439.0000E-06,-2.8599959493E+00,-3.6180904135E+00
+439.5000E-06,-2.8301507235E+00,-3.6180904135E+00
+440.0000E-06,-2.8301507235E+00,-3.6180904135E+00
+440.5000E-06,-2.8301507235E+00,-3.6180904135E+00
+441.0000E-06,-2.8301507235E+00,-3.6180904135E+00
+441.5000E-06,-2.8363255978E+00,-3.6180904135E+00
+442.0000E-06,-2.8692582607E+00,-3.6180904135E+00
+442.5000E-06,-2.9021909237E+00,-3.6180904135E+00
+443.0000E-06,-2.9351235867E+00,-3.6180904135E+00
+443.5000E-06,-2.9680562496E+00,-3.6238793582E+00
+444.0000E-06,-3.0009889126E+00,-3.6444622725E+00
+444.5000E-06,-3.0339215755E+00,-3.6650451869E+00
+445.0000E-06,-3.0668542385E+00,-3.6856281012E+00
+445.5000E-06,-3.0750874043E+00,-3.6984924227E+00
+446.0000E-06,-3.0421547413E+00,-3.6984924227E+00
+446.5000E-06,-3.0092220783E+00,-3.6984924227E+00
+447.0000E-06,-2.9762894154E+00,-3.6984924227E+00
+447.5000E-06,-2.9587939382E+00,-3.6984924227E+00
+448.0000E-06,-2.9587939382E+00,-3.6984924227E+00
+448.5000E-06,-2.9587939382E+00,-3.6984924227E+00
+449.0000E-06,-2.9587939382E+00,-3.6984924227E+00
+449.5000E-06,-2.9402693152E+00,-3.7100703120E+00
+450.0000E-06,-2.9073366523E+00,-3.7306532264E+00
+450.5000E-06,-2.8744039893E+00,-3.7512361407E+00
+451.0000E-06,-2.8414713264E+00,-3.7718190551E+00
+451.5000E-06,-2.8517627835E+00,-3.7924019694E+00
+452.0000E-06,-2.8846954465E+00,-3.8129848838E+00
+452.5000E-06,-2.9176281095E+00,-3.8335677981E+00
+453.0000E-06,-2.9505607724E+00,-3.8541507125E+00
+453.5000E-06,-2.9340944409E+00,-3.8438592553E+00
+454.0000E-06,-2.9011617780E+00,-3.8232763410E+00
+454.5000E-06,-2.8682291150E+00,-3.8026934266E+00
+455.0000E-06,-2.8352964520E+00,-3.7821105123E+00
+455.5000E-06,-2.8579376578E+00,-3.7788944319E+00
+456.0000E-06,-2.8908703208E+00,-3.7788944319E+00
+456.5000E-06,-2.9238029838E+00,-3.7788944319E+00
+457.0000E-06,-2.9567356467E+00,-3.7788944319E+00
+457.5000E-06,-2.9587939382E+00,-3.7788944319E+00
+458.0000E-06,-2.9587939382E+00,-3.7788944319E+00
+458.5000E-06,-2.9587939382E+00,-3.7788944319E+00
+459.0000E-06,-2.9577647924E+00,-3.7788944319E+00
+459.5000E-06,-2.9248321295E+00,-3.7788944319E+00
+460.0000E-06,-2.8918994665E+00,-3.7788944319E+00
+460.5000E-06,-2.8589668036E+00,-3.7788944319E+00
+461.0000E-06,-2.8342673063E+00,-3.7814672962E+00
+461.5000E-06,-2.8671999693E+00,-3.8020502105E+00
+462.0000E-06,-2.9001326323E+00,-3.8226331249E+00
+462.5000E-06,-2.9330652952E+00,-3.8432160392E+00
+463.0000E-06,-2.9587939382E+00,-3.8592964411E+00
+463.5000E-06,-2.9587939382E+00,-3.8592964411E+00
+464.0000E-06,-2.9587939382E+00,-3.8592964411E+00
+464.5000E-06,-2.9587939382E+00,-3.8592964411E+00
+465.0000E-06,-2.9587939382E+00,-3.8592964411E+00
+465.5000E-06,-2.9587939382E+00,-3.8592964411E+00
+466.0000E-06,-2.9587939382E+00,-3.8592964411E+00
+466.5000E-06,-2.9587939382E+00,-3.8592964411E+00
+467.0000E-06,-2.9454150438E+00,-3.8676582500E+00
+467.5000E-06,-2.9124823809E+00,-3.8882411644E+00
+468.0000E-06,-2.8795497179E+00,-3.9088240787E+00
+468.5000E-06,-2.8466170549E+00,-3.9294069931E+00
+469.0000E-06,-2.8466170549E+00,-3.9396984503E+00
+469.5000E-06,-2.8795497179E+00,-3.9396984503E+00
+470.0000E-06,-2.9124823809E+00,-3.9396984503E+00
+470.5000E-06,-2.9454150438E+00,-3.9396984503E+00
+471.0000E-06,-2.9587939382E+00,-3.9396984503E+00
+471.5000E-06,-2.9587939382E+00,-3.9396984503E+00
+472.0000E-06,-2.9587939382E+00,-3.9396984503E+00
+472.5000E-06,-2.9587939382E+00,-3.9396984503E+00
+473.0000E-06,-2.9587939382E+00,-3.9396984503E+00
+473.5000E-06,-2.9587939382E+00,-3.9396984503E+00
+474.0000E-06,-2.9587939382E+00,-3.9396984503E+00
+474.5000E-06,-2.9587939382E+00,-3.9396984503E+00
+475.0000E-06,-2.9587939382E+00,-3.9396984503E+00
+475.5000E-06,-2.9587939382E+00,-3.9396984503E+00
+476.0000E-06,-2.9587939382E+00,-3.9396984503E+00
+476.5000E-06,-2.9587939382E+00,-3.9396984503E+00
+477.0000E-06,-2.9587939382E+00,-3.9396984503E+00
+477.5000E-06,-2.9587939382E+00,-3.9396984503E+00
+478.0000E-06,-2.9587939382E+00,-3.9396984503E+00
+478.5000E-06,-2.9587939382E+00,-3.9396984503E+00
+479.0000E-06,-2.9587939382E+00,-3.9596381485E+00
+479.5000E-06,-2.9587939382E+00,-3.9802210629E+00
+480.0000E-06,-2.9587939382E+00,-4.0008039773E+00
+480.5000E-06,-2.9608522296E+00,-4.0201004595E+00
+481.0000E-06,-2.9937848926E+00,-4.0201004595E+00
+481.5000E-06,-3.0267175555E+00,-4.0201004595E+00
+482.0000E-06,-3.0596502185E+00,-4.0201004595E+00
+482.5000E-06,-3.0771456957E+00,-4.0201004595E+00
+483.0000E-06,-3.0112803698E+00,-4.0201004595E+00
+483.5000E-06,-2.9454150438E+00,-4.0201004595E+00
+484.0000E-06,-2.8795497179E+00,-4.0201004595E+00
+484.5000E-06,-2.8383838892E+00,-4.0201004595E+00
+485.0000E-06,-2.8713165522E+00,-4.0201004595E+00
+485.5000E-06,-2.9042492151E+00,-4.0201004595E+00
+486.0000E-06,-2.9371818781E+00,-4.0201004595E+00
+486.5000E-06,-2.9474733353E+00,-4.0201004595E+00
+487.0000E-06,-2.9145406723E+00,-4.0201004595E+00
+487.5000E-06,-2.8816080093E+00,-4.0201004595E+00
+488.0000E-06,-2.8486753464E+00,-4.0201004595E+00
+488.5000E-06,-2.8301507235E+00,-4.0381105095E+00
+489.0000E-06,-2.8301507235E+00,-4.0792763382E+00
+489.5000E-06,-2.8301507235E+00,-4.1204421669E+00
+490.0000E-06,-2.8301507235E+00,-4.1616079956E+00
+490.5000E-06,-2.8476462007E+00,-4.1699698046E+00
+491.0000E-06,-2.8805788636E+00,-4.1493868902E+00
+491.5000E-06,-2.9135115266E+00,-4.1288039759E+00
+492.0000E-06,-2.9464441895E+00,-4.1082210615E+00
+492.5000E-06,-2.9587939382E+00,-4.1005024686E+00
+493.0000E-06,-2.9587939382E+00,-4.1005024686E+00
+493.5000E-06,-2.9587939382E+00,-4.1005024686E+00
+494.0000E-06,-2.9587939382E+00,-4.1005024686E+00
+494.5000E-06,-2.9351235867E+00,-4.1005024686E+00
+495.0000E-06,-2.9021909237E+00,-4.1005024686E+00
+495.5000E-06,-2.8692582607E+00,-4.1005024686E+00
+496.0000E-06,-2.8363255978E+00,-4.1005024686E+00
+496.5000E-06,-2.8569085121E+00,-4.1005024686E+00
+497.0000E-06,-2.8898411751E+00,-4.1005024686E+00
+497.5000E-06,-2.9227738380E+00,-4.1005024686E+00
+498.0000E-06,-2.9557065010E+00,-4.1005024686E+00
+498.5000E-06,-2.9289487123E+00,-4.1191557348E+00
+499.0000E-06,-2.8960160494E+00,-4.1397386491E+00
+499.5000E-06,-2.8630833864E+00,-4.1603215635E+00
+500.0000E-06,-2.8301507235E+00,-4.1809044778E+00
+500.5000E-06,-2.8630833864E+00,-4.1809044778E+00
+501.0000E-06,-2.8960160494E+00,-4.1809044778E+00
+501.5000E-06,-2.9289487123E+00,-4.1809044778E+00
+502.0000E-06,-2.9557065010E+00,-4.1809044778E+00
+502.5000E-06,-2.9227738380E+00,-4.1809044778E+00
+503.0000E-06,-2.8898411751E+00,-4.1809044778E+00
+503.5000E-06,-2.8569085121E+00,-4.1809044778E+00
+504.0000E-06,-2.8301507235E+00,-4.1809044778E+00
+504.5000E-06,-2.8301507235E+00,-4.1809044778E+00
+505.0000E-06,-2.8301507235E+00,-4.1809044778E+00
+505.5000E-06,-2.8301507235E+00,-4.1809044778E+00
+506.0000E-06,-2.8301507235E+00,-4.1809044778E+00
+506.5000E-06,-2.8301507235E+00,-4.1809044778E+00
+507.0000E-06,-2.8301507235E+00,-4.1809044778E+00
+507.5000E-06,-2.8301507235E+00,-4.1809044778E+00
+508.0000E-06,-2.8301507235E+00,-4.1809044778E+00
+508.5000E-06,-2.8301507235E+00,-4.1809044778E+00
+509.0000E-06,-2.8301507235E+00,-4.1809044778E+00
+509.5000E-06,-2.8301507235E+00,-4.1809044778E+00
+510.0000E-06,-2.8301507235E+00,-4.1905527189E+00
+510.5000E-06,-2.8301507235E+00,-4.2111356333E+00
+511.0000E-06,-2.8301507235E+00,-4.2317185476E+00
+511.5000E-06,-2.8301507235E+00,-4.2523014620E+00
+512.0000E-06,-2.8301507235E+00,-4.2497285977E+00
+512.5000E-06,-2.8301507235E+00,-4.2291456833E+00
+513.0000E-06,-2.8301507235E+00,-4.2085627690E+00
+513.5000E-06,-2.8301507235E+00,-4.1879798546E+00
+514.0000E-06,-2.8301507235E+00,-4.1944120154E+00
+514.5000E-06,-2.8301507235E+00,-4.2149949297E+00
+515.0000E-06,-2.8301507235E+00,-4.2355778441E+00
+515.5000E-06,-2.8301507235E+00,-4.2561607584E+00
+516.0000E-06,-2.8301507235E+00,-4.2613064870E+00
+516.5000E-06,-2.8301507235E+00,-4.2613064870E+00
+517.0000E-06,-2.8301507235E+00,-4.2613064870E+00
+517.5000E-06,-2.8301507235E+00,-4.2613064870E+00
+518.0000E-06,-2.8301507235E+00,-4.2613064870E+00
+518.5000E-06,-2.8301507235E+00,-4.2613064870E+00
+519.0000E-06,-2.8301507235E+00,-4.2613064870E+00
+519.5000E-06,-2.8301507235E+00,-4.2613064870E+00
+520.0000E-06,-2.8301507235E+00,-4.2613064870E+00
+520.5000E-06,-2.8301507235E+00,-4.2613064870E+00
+521.0000E-06,-2.8301507235E+00,-4.2613064870E+00
+521.5000E-06,-2.8301507235E+00,-4.2613064870E+00
+522.0000E-06,-2.8301507235E+00,-4.2613064870E+00
+522.5000E-06,-2.8301507235E+00,-4.2613064870E+00
+523.0000E-06,-2.8301507235E+00,-4.2613064870E+00
+523.5000E-06,-2.8301507235E+00,-4.2613064870E+00
+524.0000E-06,-2.8301507235E+00,-4.2613064870E+00
+524.5000E-06,-2.8301507235E+00,-4.2613064870E+00
+525.0000E-06,-2.8301507235E+00,-4.2613064870E+00
+525.5000E-06,-2.8301507235E+00,-4.2658089995E+00
+526.0000E-06,-2.8301507235E+00,-4.2863919139E+00
+526.5000E-06,-2.8301507235E+00,-4.3069748282E+00
+527.0000E-06,-2.8301507235E+00,-4.3275577426E+00
+527.5000E-06,-2.8301507235E+00,-4.3417084962E+00
+528.0000E-06,-2.8301507235E+00,-4.3417084962E+00
+528.5000E-06,-2.8301507235E+00,-4.3417084962E+00
+529.0000E-06,-2.8301507235E+00,-4.3417084962E+00
+529.5000E-06,-2.8301507235E+00,-4.3417084962E+00
+530.0000E-06,-2.8301507235E+00,-4.3417084962E+00
+530.5000E-06,-2.8301507235E+00,-4.3417084962E+00
+531.0000E-06,-2.8301507235E+00,-4.3417084962E+00
+531.5000E-06,-2.8301507235E+00,-4.3417084962E+00
+532.0000E-06,-2.8301507235E+00,-4.3417084962E+00
+532.5000E-06,-2.8301507235E+00,-4.3417084962E+00
+533.0000E-06,-2.8301507235E+00,-4.3417084962E+00
+533.5000E-06,-2.8301507235E+00,-4.3294873908E+00
+534.0000E-06,-2.8301507235E+00,-4.3089044765E+00
+534.5000E-06,-2.8301507235E+00,-4.2883215621E+00
+535.0000E-06,-2.8301507235E+00,-4.2677386478E+00
+535.5000E-06,-2.8301507235E+00,-4.2896079943E+00
+536.0000E-06,-2.8301507235E+00,-4.3307738230E+00
+536.5000E-06,-2.8301507235E+00,-4.3719396517E+00
+537.0000E-06,-2.8301507235E+00,-4.4131054804E+00
+537.5000E-06,-2.8044220805E+00,-4.4221105054E+00
+538.0000E-06,-2.7714894176E+00,-4.4221105054E+00
+538.5000E-06,-2.7385567546E+00,-4.4221105054E+00
+539.0000E-06,-2.7056240916E+00,-4.4221105054E+00
+539.5000E-06,-2.7015075088E+00,-4.4221105054E+00
+540.0000E-06,-2.7015075088E+00,-4.4221105054E+00
+540.5000E-06,-2.7015075088E+00,-4.4221105054E+00
+541.0000E-06,-2.7015075088E+00,-4.4221105054E+00
+541.5000E-06,-2.7015075088E+00,-4.4221105054E+00
+542.0000E-06,-2.7015075088E+00,-4.4221105054E+00
+542.5000E-06,-2.7015075088E+00,-4.4221105054E+00
+543.0000E-06,-2.7015075088E+00,-4.4208240733E+00
+543.5000E-06,-2.7015075088E+00,-4.4002411589E+00
+544.0000E-06,-2.7015075088E+00,-4.3796582446E+00
+544.5000E-06,-2.7015075088E+00,-4.3590753302E+00
+545.0000E-06,-2.7015075088E+00,-4.3417084962E+00
+545.5000E-06,-2.7015075088E+00,-4.3417084962E+00
+546.0000E-06,-2.7015075088E+00,-4.3417084962E+00
+546.5000E-06,-2.7015075088E+00,-4.3417084962E+00
+547.0000E-06,-2.7097406745E+00,-4.3468542248E+00
+547.5000E-06,-2.7426733375E+00,-4.3674371392E+00
+548.0000E-06,-2.7756060004E+00,-4.3880200535E+00
+548.5000E-06,-2.8085386634E+00,-4.4086029679E+00
+549.0000E-06,-2.8188301206E+00,-4.4150351286E+00
+549.5000E-06,-2.7858974576E+00,-4.3944522142E+00
+550.0000E-06,-2.7529647946E+00,-4.3738692999E+00
+550.5000E-06,-2.7200321317E+00,-4.3532863855E+00
+551.0000E-06,-2.7015075088E+00,-4.3507135212E+00
+551.5000E-06,-2.7015075088E+00,-4.3712964356E+00
+552.0000E-06,-2.7015075088E+00,-4.3918793499E+00
+552.5000E-06,-2.7015075088E+00,-4.4124622643E+00
+553.0000E-06,-2.7015075088E+00,-4.4221105054E+00
+553.5000E-06,-2.7015075088E+00,-4.4221105054E+00
+554.0000E-06,-2.7015075088E+00,-4.4221105054E+00
+554.5000E-06,-2.7015075088E+00,-4.4221105054E+00
+555.0000E-06,-2.7015075088E+00,-4.4092461839E+00
+555.5000E-06,-2.7015075088E+00,-4.3886632696E+00
+556.0000E-06,-2.7015075088E+00,-4.3680803552E+00
+556.5000E-06,-2.7015075088E+00,-4.3474974409E+00
+557.0000E-06,-2.6778371572E+00,-4.3565024659E+00
+557.5000E-06,-2.6449044943E+00,-4.3770853803E+00
+558.0000E-06,-2.6119718313E+00,-4.3976682946E+00
+558.5000E-06,-2.5790391684E+00,-4.4182512090E+00
+559.0000E-06,-2.5996220827E+00,-4.4221105054E+00
+559.5000E-06,-2.6325547457E+00,-4.4221105054E+00
+560.0000E-06,-2.6654874086E+00,-4.4221105054E+00
+560.5000E-06,-2.6984200716E+00,-4.4221105054E+00
+561.0000E-06,-2.7015075088E+00,-4.4221105054E+00
+561.5000E-06,-2.7015075088E+00,-4.4221105054E+00
+562.0000E-06,-2.7015075088E+00,-4.4221105054E+00
+562.5000E-06,-2.7015075088E+00,-4.4221105054E+00
+563.0000E-06,-2.7015075088E+00,-4.4426934198E+00
+563.5000E-06,-2.7015075088E+00,-4.4632763341E+00
+564.0000E-06,-2.7015075088E+00,-4.4838592485E+00
+564.5000E-06,-2.7015075088E+00,-4.5025125146E+00
+565.0000E-06,-2.7015075088E+00,-4.5025125146E+00
+565.5000E-06,-2.7015075088E+00,-4.5025125146E+00
+566.0000E-06,-2.7015075088E+00,-4.5025125146E+00
+566.5000E-06,-2.7015075088E+00,-4.4986532182E+00
+567.0000E-06,-2.7015075088E+00,-4.4780703038E+00
+567.5000E-06,-2.7015075088E+00,-4.4574873894E+00
+568.0000E-06,-2.7015075088E+00,-4.4369044751E+00
+568.5000E-06,-2.7015075088E+00,-4.4221105054E+00
+569.0000E-06,-2.7015075088E+00,-4.4221105054E+00
+569.5000E-06,-2.7015075088E+00,-4.4221105054E+00
+570.0000E-06,-2.7015075088E+00,-4.4221105054E+00
+570.5000E-06,-2.6891577601E+00,-4.4143919125E+00
+571.0000E-06,-2.6562250972E+00,-4.3938089982E+00
+571.5000E-06,-2.6232924342E+00,-4.3732260838E+00
+572.0000E-06,-2.5903597713E+00,-4.3526431695E+00
+572.5000E-06,-2.5728642941E+00,-4.3610049784E+00
+573.0000E-06,-2.5728642941E+00,-4.4021708071E+00
+573.5000E-06,-2.5728642941E+00,-4.4433366358E+00
+574.0000E-06,-2.5728642941E+00,-4.4845024645E+00
+574.5000E-06,-2.5728642941E+00,-4.4793567359E+00
+575.0000E-06,-2.5728642941E+00,-4.4381909072E+00
+575.5000E-06,-2.5728642941E+00,-4.3970250785E+00
+576.0000E-06,-2.5728642941E+00,-4.3558592498E+00
+576.5000E-06,-2.5728642941E+00,-4.3687235713E+00
+577.0000E-06,-2.5728642941E+00,-4.4098894000E+00
+577.5000E-06,-2.5728642941E+00,-4.4510552287E+00
+578.0000E-06,-2.5728642941E+00,-4.4922210574E+00
+578.5000E-06,-2.5728642941E+00,-4.4870753288E+00
+579.0000E-06,-2.5728642941E+00,-4.4664924145E+00
+579.5000E-06,-2.5728642941E+00,-4.4459095001E+00
+580.0000E-06,-2.5728642941E+00,-4.4253265858E+00
+580.5000E-06,-2.5728642941E+00,-4.4221105054E+00
+581.0000E-06,-2.5728642941E+00,-4.4221105054E+00
+581.5000E-06,-2.5728642941E+00,-4.4221105054E+00
+582.0000E-06,-2.5728642941E+00,-4.4221105054E+00
+582.5000E-06,-2.5419899225E+00,-4.4221105054E+00
+583.0000E-06,-2.5090572596E+00,-4.4221105054E+00
+583.5000E-06,-2.4761245966E+00,-4.4221105054E+00
+584.0000E-06,-2.4442210793E+00,-4.4221105054E+00
+584.5000E-06,-2.4442210793E+00,-4.4221105054E+00
+585.0000E-06,-2.4442210793E+00,-4.4221105054E+00
+585.5000E-06,-2.4442210793E+00,-4.4221105054E+00
+586.0000E-06,-2.4524542451E+00,-4.4221105054E+00
+586.5000E-06,-2.5183195710E+00,-4.4221105054E+00
+587.0000E-06,-2.5841848969E+00,-4.4221105054E+00
+587.5000E-06,-2.6500502229E+00,-4.4221105054E+00
+588.0000E-06,-2.6943034887E+00,-4.4221105054E+00
+588.5000E-06,-2.6613708258E+00,-4.4221105054E+00
+589.0000E-06,-2.6284381628E+00,-4.4221105054E+00
+589.5000E-06,-2.5955054998E+00,-4.4221105054E+00
+590.0000E-06,-2.5625728369E+00,-4.4285426661E+00
+590.5000E-06,-2.5296401739E+00,-4.4491255805E+00
+591.0000E-06,-2.4967075109E+00,-4.4697084948E+00
+591.5000E-06,-2.4637748480E+00,-4.4902914092E+00
+592.0000E-06,-2.4442210793E+00,-4.4941507056E+00
+592.5000E-06,-2.4442210793E+00,-4.4735677913E+00
+593.0000E-06,-2.4442210793E+00,-4.4529848769E+00
+593.5000E-06,-2.4442210793E+00,-4.4324019626E+00
+594.0000E-06,-2.4442210793E+00,-4.4324019626E+00
+594.5000E-06,-2.4442210793E+00,-4.4529848769E+00
+595.0000E-06,-2.4442210793E+00,-4.4735677913E+00
+595.5000E-06,-2.4442210793E+00,-4.4941507056E+00
+596.0000E-06,-2.4637748480E+00,-4.5025125146E+00
+596.5000E-06,-2.4967075109E+00,-4.5025125146E+00
+597.0000E-06,-2.5296401739E+00,-4.5025125146E+00
+597.5000E-06,-2.5625728369E+00,-4.5025125146E+00
+598.0000E-06,-2.5728642941E+00,-4.5025125146E+00
+598.5000E-06,-2.5728642941E+00,-4.5025125146E+00
+599.0000E-06,-2.5728642941E+00,-4.5025125146E+00
+599.5000E-06,-2.5728642941E+00,-4.5025125146E+00
+600.0000E-06,-2.5471356511E+00,-4.4864321128E+00
+600.5000E-06,-2.5142029881E+00,-4.4658491984E+00
+601.0000E-06,-2.4812703252E+00,-4.4452662840E+00
+601.5000E-06,-2.4483376622E+00,-4.4246833697E+00
+602.0000E-06,-2.4442210793E+00,-4.4221105054E+00
+602.5000E-06,-2.4442210793E+00,-4.4221105054E+00
+603.0000E-06,-2.4442210793E+00,-4.4221105054E+00
+603.5000E-06,-2.4442210793E+00,-4.4221105054E+00
+604.0000E-06,-2.4761245966E+00,-4.4420502037E+00
+604.5000E-06,-2.5090572596E+00,-4.4626331180E+00
+605.0000E-06,-2.5419899225E+00,-4.4832160324E+00
+605.5000E-06,-2.5708060026E+00,-4.5012260824E+00
+606.0000E-06,-2.5378733397E+00,-4.4806431681E+00
+606.5000E-06,-2.5049406767E+00,-4.4600602537E+00
+607.0000E-06,-2.4720080137E+00,-4.4394773394E+00
+607.5000E-06,-2.4442210793E+00,-4.4221105054E+00
+608.0000E-06,-2.4442210793E+00,-4.4221105054E+00
+608.5000E-06,-2.4442210793E+00,-4.4221105054E+00
+609.0000E-06,-2.4442210793E+00,-4.4221105054E+00
+609.5000E-06,-2.4442210793E+00,-4.4272562340E+00
+610.0000E-06,-2.4442210793E+00,-4.4478391483E+00
+610.5000E-06,-2.4442210793E+00,-4.4684220627E+00
+611.0000E-06,-2.4442210793E+00,-4.4890049770E+00
+611.5000E-06,-2.4329004765E+00,-4.4954371378E+00
+612.0000E-06,-2.3999678135E+00,-4.4748542234E+00
+612.5000E-06,-2.3670351505E+00,-4.4542713091E+00
+613.0000E-06,-2.3341024876E+00,-4.4336883947E+00
+613.5000E-06,-2.3299859047E+00,-4.4221105054E+00
+614.0000E-06,-2.3629185677E+00,-4.4221105054E+00
+614.5000E-06,-2.3958512306E+00,-4.4221105054E+00
+615.0000E-06,-2.4287838936E+00,-4.4221105054E+00
+615.5000E-06,-2.4267256022E+00,-4.4221105054E+00
+616.0000E-06,-2.3937929392E+00,-4.4221105054E+00
+616.5000E-06,-2.3608602762E+00,-4.4221105054E+00
+617.0000E-06,-2.3279276133E+00,-4.4221105054E+00
+617.5000E-06,-2.3361607790E+00,-4.4092461839E+00
+618.0000E-06,-2.3690934420E+00,-4.3886632696E+00
+618.5000E-06,-2.4020261049E+00,-4.3680803552E+00
+619.0000E-06,-2.4349587679E+00,-4.3474974409E+00
+619.5000E-06,-2.4442210793E+00,-4.3565024659E+00
+620.0000E-06,-2.4442210793E+00,-4.3770853803E+00
+620.5000E-06,-2.4442210793E+00,-4.3976682946E+00
+621.0000E-06,-2.4442210793E+00,-4.4182512090E+00
+621.5000E-06,-2.4174632907E+00,-4.4221105054E+00
+622.0000E-06,-2.3845306277E+00,-4.4221105054E+00
+622.5000E-06,-2.3515979648E+00,-4.4221105054E+00
+623.0000E-06,-2.3186653018E+00,-4.4221105054E+00
+623.5000E-06,-2.2857326388E+00,-4.4221105054E+00
+624.0000E-06,-2.2527999759E+00,-4.4221105054E+00
+624.5000E-06,-2.2198673129E+00,-4.4221105054E+00
+625.0000E-06,-2.1869346499E+00,-4.4221105054E+00
+625.5000E-06,-2.1869346499E+00,-4.4221105054E+00
+626.0000E-06,-2.1869346499E+00,-4.4221105054E+00
+626.5000E-06,-2.1869346499E+00,-4.4221105054E+00
+627.0000E-06,-2.1900220871E+00,-4.4221105054E+00
+627.5000E-06,-2.2229547501E+00,-4.4221105054E+00
+628.0000E-06,-2.2558874130E+00,-4.4221105054E+00
+628.5000E-06,-2.2888200760E+00,-4.4221105054E+00
+629.0000E-06,-2.3094029903E+00,-4.4221105054E+00
+629.5000E-06,-2.2764703274E+00,-4.4221105054E+00
+630.0000E-06,-2.2435376644E+00,-4.4221105054E+00
+630.5000E-06,-2.2106050014E+00,-4.4221105054E+00
+631.0000E-06,-2.1961969614E+00,-4.4163215607E+00
+631.5000E-06,-2.2291296244E+00,-4.3957386464E+00
+632.0000E-06,-2.2620622873E+00,-4.3751557320E+00
+632.5000E-06,-2.2949949503E+00,-4.3545728177E+00
+633.0000E-06,-2.3032281160E+00,-4.3494270891E+00
+633.5000E-06,-2.2702954531E+00,-4.3700100034E+00
+634.0000E-06,-2.2373627901E+00,-4.3905929178E+00
+634.5000E-06,-2.2044301271E+00,-4.4111758322E+00
+635.0000E-06,-2.1869346499E+00,-4.4124622643E+00
+635.5000E-06,-2.1869346499E+00,-4.3918793499E+00
+636.0000E-06,-2.1869346499E+00,-4.3712964356E+00
+636.5000E-06,-2.1869346499E+00,-4.3507135212E+00
+637.0000E-06,-2.1869346499E+00,-4.3532863855E+00
+637.5000E-06,-2.1869346499E+00,-4.3738692999E+00
+638.0000E-06,-2.1869346499E+00,-4.3944522142E+00
+638.5000E-06,-2.1869346499E+00,-4.4150351286E+00
+639.0000E-06,-2.1869346499E+00,-4.4086029679E+00
+639.5000E-06,-2.1869346499E+00,-4.3880200535E+00
+640.0000E-06,-2.1869346499E+00,-4.3674371392E+00
+640.5000E-06,-2.1869346499E+00,-4.3468542248E+00
+641.0000E-06,-2.1869346499E+00,-4.3417084962E+00
+641.5000E-06,-2.1869346499E+00,-4.3417084962E+00
+642.0000E-06,-2.1869346499E+00,-4.3417084962E+00
+642.5000E-06,-2.1869346499E+00,-4.3417084962E+00
+643.0000E-06,-2.1869346499E+00,-4.3417084962E+00
+643.5000E-06,-2.1869346499E+00,-4.3417084962E+00
+644.0000E-06,-2.1869346499E+00,-4.3417084962E+00
+644.5000E-06,-2.1869346499E+00,-4.3417084962E+00
+645.0000E-06,-2.1869346499E+00,-4.3417084962E+00
+645.5000E-06,-2.1869346499E+00,-4.3417084962E+00
+646.0000E-06,-2.1869346499E+00,-4.3417084962E+00
+646.5000E-06,-2.1859055042E+00,-4.3410652801E+00
+647.0000E-06,-2.1529728413E+00,-4.3204823658E+00
+647.5000E-06,-2.1200401783E+00,-4.2998994514E+00
+648.0000E-06,-2.0871075153E+00,-4.2793165371E+00
+648.5000E-06,-2.0624080181E+00,-4.2638793513E+00
+649.0000E-06,-2.0953406811E+00,-4.2844622657E+00
+649.5000E-06,-2.1282733440E+00,-4.3050451800E+00
+650.0000E-06,-2.1612060070E+00,-4.3256280944E+00
+650.5000E-06,-2.1869346499E+00,-4.3372059837E+00
+651.0000E-06,-2.1869346499E+00,-4.3166230693E+00
+651.5000E-06,-2.1869346499E+00,-4.2960401550E+00
+652.0000E-06,-2.1869346499E+00,-4.2754572406E+00
+652.5000E-06,-2.1766431928E+00,-4.2548743263E+00
+653.0000E-06,-2.1437105298E+00,-4.2342914119E+00
+653.5000E-06,-2.1107778668E+00,-4.2137084976E+00
+654.0000E-06,-2.0778452039E+00,-4.1931255832E+00
+654.5000E-06,-2.0582914352E+00,-4.1892662868E+00
+655.0000E-06,-2.0582914352E+00,-4.2098492011E+00
+655.5000E-06,-2.0582914352E+00,-4.2304321155E+00
+656.0000E-06,-2.0582914352E+00,-4.2510150298E+00
+656.5000E-06,-2.0582914352E+00,-4.2613064870E+00
+657.0000E-06,-2.0582914352E+00,-4.2613064870E+00
+657.5000E-06,-2.0582914352E+00,-4.2613064870E+00
+658.0000E-06,-2.0582914352E+00,-4.2613064870E+00
+658.5000E-06,-2.0387376666E+00,-4.2613064870E+00
+659.0000E-06,-2.0058050036E+00,-4.2613064870E+00
+659.5000E-06,-1.9728723407E+00,-4.2613064870E+00
+660.0000E-06,-1.9399396777E+00,-4.2613064870E+00
+660.5000E-06,-1.9296482205E+00,-4.2613064870E+00
+661.0000E-06,-1.9296482205E+00,-4.2613064870E+00
+661.5000E-06,-1.9296482205E+00,-4.2613064870E+00
+662.0000E-06,-1.9296482205E+00,-4.2613064870E+00
+662.5000E-06,-1.9039195776E+00,-4.2613064870E+00
+663.0000E-06,-1.8709869146E+00,-4.2613064870E+00
+663.5000E-06,-1.8380542517E+00,-4.2613064870E+00
+664.0000E-06,-1.8051215887E+00,-4.2613064870E+00
+664.5000E-06,-1.8298210859E+00,-4.2432964370E+00
+665.0000E-06,-1.8627537489E+00,-4.2227135226E+00
+665.5000E-06,-1.8956864119E+00,-4.2021306083E+00
+666.0000E-06,-1.9286190748E+00,-4.1815476939E+00
+666.5000E-06,-1.9296482205E+00,-4.2008441761E+00
+667.0000E-06,-1.9296482205E+00,-4.2214270905E+00
+667.5000E-06,-1.9296482205E+00,-4.2420100048E+00
+668.0000E-06,-1.9296482205E+00,-4.2600200549E+00
+668.5000E-06,-1.9296482205E+00,-4.2394371405E+00
+669.0000E-06,-1.9296482205E+00,-4.2188542262E+00
+669.5000E-06,-1.9296482205E+00,-4.1982713118E+00
+670.0000E-06,-1.9296482205E+00,-4.1809044778E+00
+670.5000E-06,-1.9296482205E+00,-4.1809044778E+00
+671.0000E-06,-1.9296482205E+00,-4.1809044778E+00
+671.5000E-06,-1.9296482205E+00,-4.1809044778E+00
+672.0000E-06,-1.9214150548E+00,-4.1757587492E+00
+672.5000E-06,-1.8884823918E+00,-4.1551758349E+00
+673.0000E-06,-1.8555497289E+00,-4.1345929205E+00
+673.5000E-06,-1.8226170659E+00,-4.1140100062E+00
+674.0000E-06,-1.8123256087E+00,-4.1075778455E+00
+674.5000E-06,-1.8452582717E+00,-4.1281607598E+00
+675.0000E-06,-1.8781909347E+00,-4.1487436742E+00
+675.5000E-06,-1.9111235976E+00,-4.1693265885E+00
+676.0000E-06,-1.9296482205E+00,-4.1809044778E+00
+676.5000E-06,-1.9296482205E+00,-4.1809044778E+00
+677.0000E-06,-1.9296482205E+00,-4.1809044778E+00
+677.5000E-06,-1.9296482205E+00,-4.1809044778E+00
+678.0000E-06,-1.9296482205E+00,-4.1809044778E+00
+678.5000E-06,-1.9296482205E+00,-4.1809044778E+00
+679.0000E-06,-1.9296482205E+00,-4.1809044778E+00
+679.5000E-06,-1.9296482205E+00,-4.1809044778E+00
+680.0000E-06,-1.9090653062E+00,-4.1680401564E+00
+680.5000E-06,-1.8761326432E+00,-4.1474572420E+00
+681.0000E-06,-1.8431999803E+00,-4.1268743277E+00
+681.5000E-06,-1.8102673173E+00,-4.1062914133E+00
+682.0000E-06,-1.8010050058E+00,-4.1005024686E+00
+682.5000E-06,-1.8010050058E+00,-4.1005024686E+00
+683.0000E-06,-1.8010050058E+00,-4.1005024686E+00
+683.5000E-06,-1.8010050058E+00,-4.1005024686E+00
+684.0000E-06,-1.8277627945E+00,-4.1005024686E+00
+684.5000E-06,-1.8606954575E+00,-4.1005024686E+00
+685.0000E-06,-1.8936281204E+00,-4.1005024686E+00
+685.5000E-06,-1.9265607834E+00,-4.1005024686E+00
+686.0000E-06,-1.8998029947E+00,-4.0818492025E+00
+686.5000E-06,-1.8668703318E+00,-4.0612662882E+00
+687.0000E-06,-1.8339376688E+00,-4.0406833738E+00
+687.5000E-06,-1.8010050058E+00,-4.0201004595E+00
+688.0000E-06,-1.8010050058E+00,-4.0201004595E+00
+688.5000E-06,-1.8010050058E+00,-4.0201004595E+00
+689.0000E-06,-1.8010050058E+00,-4.0201004595E+00
+689.5000E-06,-1.7979175687E+00,-4.0201004595E+00
+690.0000E-06,-1.7649849057E+00,-4.0201004595E+00
+690.5000E-06,-1.7320522428E+00,-4.0201004595E+00
+691.0000E-06,-1.6991195798E+00,-4.0201004595E+00
+691.5000E-06,-1.6723617911E+00,-4.0239597559E+00
+692.0000E-06,-1.6723617911E+00,-4.0445426702E+00
+692.5000E-06,-1.6723617911E+00,-4.0651255846E+00
+693.0000E-06,-1.6723617911E+00,-4.0857084990E+00
+693.5000E-06,-1.6723617911E+00,-4.0947135240E+00
+694.0000E-06,-1.6723617911E+00,-4.0741306096E+00
+694.5000E-06,-1.6723617911E+00,-4.0535476953E+00
+695.0000E-06,-1.6723617911E+00,-4.0329647809E+00
+695.5000E-06,-1.6723617911E+00,-4.0278190523E+00
+696.0000E-06,-1.6723617911E+00,-4.0484019667E+00
+696.5000E-06,-1.6723617911E+00,-4.0689848810E+00
+697.0000E-06,-1.6723617911E+00,-4.0895677954E+00
+697.5000E-06,-1.6877989769E+00,-4.0908542275E+00
+698.0000E-06,-1.7207316399E+00,-4.0702713132E+00
+698.5000E-06,-1.7536643028E+00,-4.0496883988E+00
+699.0000E-06,-1.7865969658E+00,-4.0291054845E+00
+699.5000E-06,-1.7824803829E+00,-4.0201004595E+00
+700.0000E-06,-1.7495477200E+00,-4.0201004595E+00
+700.5000E-06,-1.7166150570E+00,-4.0201004595E+00
+701.0000E-06,-1.6836823940E+00,-4.0201004595E+00
+701.5000E-06,-1.6723617911E+00,-4.0201004595E+00
+702.0000E-06,-1.6723617911E+00,-4.0201004595E+00
+702.5000E-06,-1.6723617911E+00,-4.0201004595E+00
+703.0000E-06,-1.6723617911E+00,-4.0201004595E+00
+703.5000E-06,-1.6476622939E+00,-4.0046632737E+00
+704.0000E-06,-1.6147296309E+00,-3.9840803593E+00
+704.5000E-06,-1.5817969680E+00,-3.9634974450E+00
+705.0000E-06,-1.5488643050E+00,-3.9429145306E+00
+705.5000E-06,-1.5437185764E+00,-3.9396984503E+00
+706.0000E-06,-1.5437185764E+00,-3.9396984503E+00
+706.5000E-06,-1.5437185764E+00,-3.9396984503E+00
+707.0000E-06,-1.5437185764E+00,-3.9396984503E+00
+707.5000E-06,-1.5745929480E+00,-3.9396984503E+00
+708.0000E-06,-1.6075256109E+00,-3.9396984503E+00
+708.5000E-06,-1.6404582739E+00,-3.9396984503E+00
+709.0000E-06,-1.6713326454E+00,-3.9390552342E+00
+709.5000E-06,-1.6383999825E+00,-3.9184723198E+00
+710.0000E-06,-1.6054673195E+00,-3.8978894055E+00
+710.5000E-06,-1.5725346565E+00,-3.8773064911E+00
+711.0000E-06,-1.5437185764E+00,-3.8618693054E+00
+711.5000E-06,-1.5437185764E+00,-3.8824522197E+00
+712.0000E-06,-1.5437185764E+00,-3.9030351341E+00
+712.5000E-06,-1.5437185764E+00,-3.9236180484E+00
+713.0000E-06,-1.5437185764E+00,-3.9351959378E+00
+713.5000E-06,-1.5437185764E+00,-3.9146130234E+00
+714.0000E-06,-1.5437185764E+00,-3.8940301090E+00
+714.5000E-06,-1.5437185764E+00,-3.8734471947E+00
+715.0000E-06,-1.5334271193E+00,-3.8592964411E+00
+715.5000E-06,-1.5004944563E+00,-3.8592964411E+00
+716.0000E-06,-1.4675617933E+00,-3.8592964411E+00
+716.5000E-06,-1.4346291304E+00,-3.8592964411E+00
+717.0000E-06,-1.4284542561E+00,-3.8592964411E+00
+717.5000E-06,-1.4613869190E+00,-3.8592964411E+00
+718.0000E-06,-1.4943195820E+00,-3.8592964411E+00
+718.5000E-06,-1.5272522449E+00,-3.8592964411E+00
+719.0000E-06,-1.5272522450E+00,-3.8490049839E+00
+719.5000E-06,-1.4943195820E+00,-3.8284220696E+00
+720.0000E-06,-1.4613869190E+00,-3.8078391552E+00
+720.5000E-06,-1.4284542561E+00,-3.7872562408E+00
+721.0000E-06,-1.4150753617E+00,-3.7666733265E+00
+721.5000E-06,-1.4150753617E+00,-3.7460904121E+00
+722.0000E-06,-1.4150753617E+00,-3.7255074978E+00
+722.5000E-06,-1.4150753617E+00,-3.7049245834E+00
+723.0000E-06,-1.4377165675E+00,-3.7126431763E+00
+723.5000E-06,-1.4706492305E+00,-3.7332260907E+00
+724.0000E-06,-1.5035818934E+00,-3.7538090050E+00
+724.5000E-06,-1.5365145564E+00,-3.7743919194E+00
+725.0000E-06,-1.5179899335E+00,-3.7788944319E+00
+725.5000E-06,-1.4850572705E+00,-3.7788944319E+00
+726.0000E-06,-1.4521246076E+00,-3.7788944319E+00
+726.5000E-06,-1.4191919446E+00,-3.7788944319E+00
+727.0000E-06,-1.3862592816E+00,-3.7608843818E+00
+727.5000E-06,-1.3533266187E+00,-3.7403014675E+00
+728.0000E-06,-1.3203939557E+00,-3.7197185531E+00
+728.5000E-06,-1.2874612927E+00,-3.6991356388E+00
+729.0000E-06,-1.3183356643E+00,-3.6984924227E+00
+729.5000E-06,-1.3512683272E+00,-3.6984924227E+00
+730.0000E-06,-1.3842009902E+00,-3.6984924227E+00
+730.5000E-06,-1.4109587789E+00,-3.6984924227E+00
+731.0000E-06,-1.3450934529E+00,-3.6984924227E+00
+731.5000E-06,-1.2792281270E+00,-3.6984924227E+00
+732.0000E-06,-1.2133628011E+00,-3.6984924227E+00
+732.5000E-06,-1.1629346609E+00,-3.6984924227E+00
+733.0000E-06,-1.1958673239E+00,-3.6984924227E+00
+733.5000E-06,-1.2287999868E+00,-3.6984924227E+00
+734.0000E-06,-1.2617326498E+00,-3.6984924227E+00
+734.5000E-06,-1.2864321470E+00,-3.6933466941E+00
+735.0000E-06,-1.2864321470E+00,-3.6727637798E+00
+735.5000E-06,-1.2864321470E+00,-3.6521808654E+00
+736.0000E-06,-1.2864321470E+00,-3.6315979511E+00
+736.5000E-06,-1.2864321470E+00,-3.6180904135E+00
+737.0000E-06,-1.2864321470E+00,-3.6180904135E+00
+737.5000E-06,-1.2864321470E+00,-3.6180904135E+00
+738.0000E-06,-1.2864321470E+00,-3.6180904135E+00
+738.5000E-06,-1.2864321470E+00,-3.6180904135E+00
+739.0000E-06,-1.2864321470E+00,-3.6180904135E+00
+739.5000E-06,-1.2864321470E+00,-3.6180904135E+00
+740.0000E-06,-1.2864321470E+00,-3.6180904135E+00
+740.5000E-06,-1.2864321470E+00,-3.6071557403E+00
+741.0000E-06,-1.2864321470E+00,-3.5865728259E+00
+741.5000E-06,-1.2864321470E+00,-3.5659899116E+00
+742.0000E-06,-1.2864321470E+00,-3.5454069972E+00
+742.5000E-06,-1.2658492327E+00,-3.5505527258E+00
+743.0000E-06,-1.2329165697E+00,-3.5711356401E+00
+743.5000E-06,-1.1999839067E+00,-3.5917185545E+00
+744.0000E-06,-1.1670512438E+00,-3.6123014688E+00
+744.5000E-06,-1.1577889323E+00,-3.5885024741E+00
+745.0000E-06,-1.1577889323E+00,-3.5473366454E+00
+745.5000E-06,-1.1577889323E+00,-3.5061708167E+00
+746.0000E-06,-1.1577889323E+00,-3.4650049880E+00
+746.5000E-06,-1.1310311437E+00,-3.4572863951E+00
+747.0000E-06,-1.0980984807E+00,-3.4572863951E+00
+747.5000E-06,-1.0651658177E+00,-3.4572863951E+00
+748.0000E-06,-1.0322331548E+00,-3.4572863951E+00
+748.5000E-06,-1.0589909434E+00,-3.4759396613E+00
+749.0000E-06,-1.0919236064E+00,-3.4965225756E+00
+749.5000E-06,-1.1248562694E+00,-3.5171054900E+00
+750.0000E-06,-1.1577889323E+00,-3.5376884043E+00
+750.5000E-06,-1.1577889323E+00,-3.4965225756E+00
+751.0000E-06,-1.1577889323E+00,-3.4553567469E+00
+751.5000E-06,-1.1577889323E+00,-3.4141909182E+00
+752.0000E-06,-1.1577889323E+00,-3.3788140342E+00
+752.5000E-06,-1.1577889323E+00,-3.3993969485E+00
+753.0000E-06,-1.1577889323E+00,-3.4199798629E+00
+753.5000E-06,-1.1577889323E+00,-3.4405627772E+00
+754.0000E-06,-1.1516140580E+00,-3.4572863951E+00
+754.5000E-06,-1.1186813951E+00,-3.4572863951E+00
+755.0000E-06,-1.0857487321E+00,-3.4572863951E+00
+755.5000E-06,-1.0528160691E+00,-3.4572863951E+00
+756.0000E-06,-1.0291457176E+00,-3.4514974505E+00
+756.5000E-06,-1.0291457176E+00,-3.4309145361E+00
+757.0000E-06,-1.0291457176E+00,-3.4103316218E+00
+757.5000E-06,-1.0291457176E+00,-3.3897487074E+00
+758.0000E-06,-1.0291457176E+00,-3.3768843859E+00
+758.5000E-06,-1.0291457176E+00,-3.3768843859E+00
+759.0000E-06,-1.0291457176E+00,-3.3768843859E+00
+759.5000E-06,-1.0291457176E+00,-3.3768843859E+00
+760.0000E-06,-1.0137085319E+00,-3.3768843859E+00
+760.5000E-06,-980.7758689E-03,-3.3768843859E+00
+761.0000E-06,-947.8432059E-03,-3.3768843859E+00
+761.5000E-06,-914.9105430E-03,-3.3768843859E+00
+762.0000E-06,-900.5025029E-03,-3.3653064966E+00
+762.5000E-06,-900.5025029E-03,-3.3447235823E+00
+763.0000E-06,-900.5025029E-03,-3.3241406679E+00
+763.5000E-06,-900.5025029E-03,-3.3035577536E+00
+764.0000E-06,-922.1145630E-03,-3.2964823768E+00
+764.5000E-06,-955.0472260E-03,-3.2964823768E+00
+765.0000E-06,-987.9798889E-03,-3.2964823768E+00
+765.5000E-06,-1.0209125519E+00,-3.2964823768E+00
+766.0000E-06,-1.0044462204E+00,-3.2964823768E+00
+766.5000E-06,-971.5135574E-03,-3.2964823768E+00
+767.0000E-06,-938.5808945E-03,-3.2964823768E+00
+767.5000E-06,-905.6482315E-03,-3.2964823768E+00
+768.0000E-06,-900.5025029E-03,-3.2964823768E+00
+768.5000E-06,-900.5025029E-03,-3.2964823768E+00
+769.0000E-06,-900.5025029E-03,-3.2964823768E+00
+769.5000E-06,-900.5025029E-03,-3.2964823768E+00
+770.0000E-06,-900.5025029E-03,-3.2771858945E+00
+770.5000E-06,-900.5025029E-03,-3.2566029802E+00
+771.0000E-06,-900.5025029E-03,-3.2360200658E+00
+771.5000E-06,-900.5025029E-03,-3.2160803676E+00
+772.0000E-06,-900.5025029E-03,-3.2160803676E+00
+772.5000E-06,-900.5025029E-03,-3.2160803676E+00
+773.0000E-06,-900.5025029E-03,-3.2160803676E+00
+773.5000E-06,-900.5025029E-03,-3.2160803676E+00
+774.0000E-06,-900.5025029E-03,-3.2160803676E+00
+774.5000E-06,-900.5025029E-03,-3.2160803676E+00
+775.0000E-06,-900.5025029E-03,-3.2160803676E+00
+775.5000E-06,-900.5025029E-03,-3.2115778551E+00
+776.0000E-06,-900.5025029E-03,-3.1909949407E+00
+776.5000E-06,-900.5025029E-03,-3.1704120263E+00
+777.0000E-06,-900.5025029E-03,-3.1498291120E+00
+777.5000E-06,-900.5025029E-03,-3.1356783584E+00
+778.0000E-06,-900.5025029E-03,-3.1356783584E+00
+778.5000E-06,-900.5025029E-03,-3.1356783584E+00
+779.0000E-06,-900.5025029E-03,-3.1356783584E+00
+779.5000E-06,-900.5025029E-03,-3.1273165494E+00
+780.0000E-06,-900.5025029E-03,-3.1067336351E+00
+780.5000E-06,-900.5025029E-03,-3.0861507207E+00
+781.0000E-06,-900.5025029E-03,-3.0655678064E+00
+781.5000E-06,-884.0361714E-03,-3.0655678064E+00
+782.0000E-06,-851.1035085E-03,-3.0861507207E+00
+782.5000E-06,-818.1708455E-03,-3.1067336351E+00
+783.0000E-06,-785.2381825E-03,-3.1273165494E+00
+783.5000E-06,-771.8592882E-03,-3.1356783584E+00
+784.0000E-06,-771.8592882E-03,-3.1356783584E+00
+784.5000E-06,-771.8592882E-03,-3.1356783584E+00
+785.0000E-06,-771.8592882E-03,-3.1356783584E+00
+785.5000E-06,-749.2180824E-03,-3.1215276048E+00
+786.0000E-06,-716.2854195E-03,-3.1009446904E+00
+786.5000E-06,-683.3527565E-03,-3.0803617761E+00
+787.0000E-06,-650.4200935E-03,-3.0597788617E+00
+787.5000E-06,-643.2160735E-03,-3.0391959473E+00
+788.0000E-06,-643.2160735E-03,-3.0186130330E+00
+788.5000E-06,-643.2160735E-03,-2.9980301186E+00
+789.0000E-06,-643.2160735E-03,-2.9774472043E+00
+789.5000E-06,-643.2160735E-03,-2.9748743400E+00
+790.0000E-06,-643.2160735E-03,-2.9748743400E+00
+790.5000E-06,-643.2160735E-03,-2.9748743400E+00
+791.0000E-06,-643.2160735E-03,-2.9748743400E+00
+791.5000E-06,-643.2160735E-03,-2.9549346417E+00
+792.0000E-06,-643.2160735E-03,-2.9343517274E+00
+792.5000E-06,-643.2160735E-03,-2.9137688130E+00
+793.0000E-06,-641.1577821E-03,-2.8944723308E+00
+793.5000E-06,-608.2251191E-03,-2.8944723308E+00
+794.0000E-06,-575.2924562E-03,-2.8944723308E+00
+794.5000E-06,-542.3597932E-03,-2.8944723308E+00
+795.0000E-06,-514.5728588E-03,-2.8944723308E+00
+795.5000E-06,-514.5728588E-03,-2.8944723308E+00
+796.0000E-06,-514.5728588E-03,-2.8944723308E+00
+796.5000E-06,-514.5728588E-03,-2.8944723308E+00
+797.0000E-06,-514.5728588E-03,-2.8996180594E+00
+797.5000E-06,-514.5728588E-03,-2.9202009737E+00
+798.0000E-06,-514.5728588E-03,-2.9407838881E+00
+798.5000E-06,-514.5728588E-03,-2.9613668025E+00
+799.0000E-06,-514.5728588E-03,-2.9607235864E+00
+799.5000E-06,-514.5728588E-03,-2.9195577577E+00
+800.0000E-06,-514.5728588E-03,-2.8783919290E+00
+800.5000E-06,-514.5728588E-03,-2.8372261003E+00
+801.0000E-06,-528.9808989E-03,-2.8140703216E+00
+801.5000E-06,-561.9135618E-03,-2.8140703216E+00
+802.0000E-06,-594.8462248E-03,-2.8140703216E+00
+802.5000E-06,-627.7788877E-03,-2.8140703216E+00
+803.0000E-06,-608.2251191E-03,-2.8031356484E+00
+803.5000E-06,-542.3597932E-03,-2.7825527340E+00
+804.0000E-06,-476.4944673E-03,-2.7619698197E+00
+804.5000E-06,-410.6291413E-03,-2.7413869053E+00
+805.0000E-06,-406.5125585E-03,-2.7465326339E+00
+805.5000E-06,-439.4452214E-03,-2.7671155483E+00
+806.0000E-06,-472.3778844E-03,-2.7876984626E+00
+806.5000E-06,-505.3105474E-03,-2.8082813770E+00
+807.0000E-06,-514.5728588E-03,-2.7992763519E+00
+807.5000E-06,-514.5728588E-03,-2.7786934376E+00
+808.0000E-06,-514.5728588E-03,-2.7581105232E+00
+808.5000E-06,-514.5728588E-03,-2.7375276089E+00
+809.0000E-06,-514.5728588E-03,-2.7169446945E+00
+809.5000E-06,-514.5728588E-03,-2.6963617802E+00
+810.0000E-06,-514.5728588E-03,-2.6757788658E+00
+810.5000E-06,-514.5728588E-03,-2.6551959515E+00
+811.0000E-06,-484.7276330E-03,-2.6532663032E+00
+811.5000E-06,-451.7949700E-03,-2.6532663032E+00
+812.0000E-06,-418.8623071E-03,-2.6532663032E+00
+812.5000E-06,-385.9296441E-03,-2.6532663032E+00
+813.0000E-06,-352.9969811E-03,-2.6532663032E+00
+813.5000E-06,-320.0643182E-03,-2.6532663032E+00
+814.0000E-06,-287.1316552E-03,-2.6532663032E+00
+814.5000E-06,-260.3738666E-03,-2.6513366550E+00
+815.0000E-06,-293.3065295E-03,-2.6307537407E+00
+815.5000E-06,-326.2391925E-03,-2.6101708263E+00
+816.0000E-06,-359.1718554E-03,-2.5895879120E+00
+816.5000E-06,-385.9296441E-03,-2.5767235905E+00
+817.0000E-06,-385.9296441E-03,-2.5973065048E+00
+817.5000E-06,-385.9296441E-03,-2.6178894192E+00
+818.0000E-06,-385.9296441E-03,-2.6384723335E+00
+818.5000E-06,-376.6673327E-03,-2.6474773586E+00
+819.0000E-06,-343.7346697E-03,-2.6268944442E+00
+819.5000E-06,-310.8020067E-03,-2.6063115299E+00
+820.0000E-06,-277.8693438E-03,-2.5857286155E+00
+820.5000E-06,-257.2864294E-03,-2.5651457012E+00
+821.0000E-06,-257.2864294E-03,-2.5445627868E+00
+821.5000E-06,-257.2864294E-03,-2.5239798725E+00
+822.0000E-06,-257.2864294E-03,-2.5033969581E+00
+822.5000E-06,-272.7236152E-03,-2.4828140438E+00
+823.0000E-06,-305.6562781E-03,-2.4622311294E+00
+823.5000E-06,-338.5889411E-03,-2.4416482151E+00
+824.0000E-06,-371.5216041E-03,-2.4210653007E+00
+824.5000E-06,-367.4050212E-03,-2.4120602757E+00
+825.0000E-06,-334.4723582E-03,-2.4120602757E+00
+825.5000E-06,-301.5396953E-03,-2.4120602757E+00
+826.0000E-06,-268.6070323E-03,-2.4120602757E+00
+826.5000E-06,-257.2864294E-03,-2.4120602757E+00
+827.0000E-06,-257.2864294E-03,-2.4120602757E+00
+827.5000E-06,-257.2864294E-03,-2.4120602757E+00
+828.0000E-06,-257.2864294E-03,-2.4120602757E+00
+828.5000E-06,-257.2864294E-03,-2.4120602757E+00
+829.0000E-06,-257.2864294E-03,-2.4120602757E+00
+829.5000E-06,-257.2864294E-03,-2.4120602757E+00
+830.0000E-06,-257.2864294E-03,-2.4120602757E+00
+830.5000E-06,-229.4994950E-03,-2.3773266077E+00
+831.0000E-06,-196.5668321E-03,-2.3361607790E+00
+831.5000E-06,-163.6341691E-03,-2.2949949503E+00
+832.0000E-06,-130.7015061E-03,-2.2538291216E+00
+832.5000E-06,-128.6432147E-03,-2.2898492217E+00
+833.0000E-06,-128.6432147E-03,-2.3310150504E+00
+833.5000E-06,-128.6432147E-03,-2.3721808791E+00
+834.0000E-06,-129.6723604E-03,-2.4114170596E+00
+834.5000E-06,-162.6050234E-03,-2.3908341452E+00
+835.0000E-06,-195.5376863E-03,-2.3702512309E+00
+835.5000E-06,-228.4703493E-03,-2.3496683165E+00
+836.0000E-06,-253.1698465E-03,-2.3290854022E+00
+836.5000E-06,-220.2371836E-03,-2.3085024878E+00
+837.0000E-06,-187.3045206E-03,-2.2879195735E+00
+837.5000E-06,-154.3718576E-03,-2.2673366591E+00
+838.0000E-06,-128.6432147E-03,-2.2512562573E+00
+838.5000E-06,-128.6432147E-03,-2.2512562573E+00
+839.0000E-06,-128.6432147E-03,-2.2512562573E+00
+839.5000E-06,-128.6432147E-03,-2.2512562573E+00
+840.0000E-06,-128.6432147E-03,-2.2448240966E+00
+840.5000E-06,-128.6432147E-03,-2.2242411822E+00
+841.0000E-06,-128.6432147E-03,-2.2036582679E+00
+841.5000E-06,-128.6432147E-03,-2.1830753535E+00
+842.0000E-06,-115.2643204E-03,-2.1708542481E+00
+842.5000E-06,-82.3316574E-03,-2.1708542481E+00
+843.0000E-06,-49.3989944E-03,-2.1708542481E+00
+843.5000E-06,-16.4663315E-03,-2.1708542481E+00
+844.0000E-06,+0.0E+00,-2.1605627909E+00
+844.5000E-06,+0.0E+00,-2.1399798766E+00
+845.0000E-06,+0.0E+00,-2.1193969622E+00
+845.5000E-06,+0.0E+00,-2.0988140479E+00
+846.0000E-06,+0.0E+00,-2.1026733443E+00
+846.5000E-06,+0.0E+00,-2.1232562587E+00
+847.0000E-06,+0.0E+00,-2.1438391730E+00
+847.5000E-06,+0.0E+00,-2.1644220874E+00
+848.0000E-06,+0.0E+00,-2.1567034945E+00
+848.5000E-06,+0.0E+00,-2.1361205801E+00
+849.0000E-06,+0.0E+00,-2.1155376658E+00
+849.5000E-06,+0.0E+00,-2.0949547514E+00
+850.0000E-06,+0.0E+00,-2.0904522389E+00
+850.5000E-06,+0.0E+00,-2.0904522389E+00
+851.0000E-06,+0.0E+00,-2.0904522389E+00
+851.5000E-06,+0.0E+00,-2.0904522389E+00
+852.0000E-06,+0.0E+00,-2.0724421889E+00
+852.5000E-06,+0.0E+00,-2.0518592745E+00
+853.0000E-06,+0.0E+00,-2.0312763602E+00
+853.5000E-06,+0.0E+00,-2.0106934458E+00
+854.0000E-06,+31.9035172E-03,-2.0100502297E+00
+854.5000E-06,+64.8361802E-03,-2.0100502297E+00
+855.0000E-06,+97.7688432E-03,-2.0100502297E+00
+855.5000E-06,+126.5849233E-03,-2.0100502297E+00
+856.0000E-06,+93.6522603E-03,-2.0100502297E+00
+856.5000E-06,+60.7195973E-03,-2.0100502297E+00
+857.0000E-06,+27.7869344E-03,-2.0100502297E+00
+857.5000E-06,+5.1457286E-03,-2.0068341494E+00
+858.0000E-06,+38.0783916E-03,-1.9862512350E+00
+858.5000E-06,+71.0110545E-03,-1.9656683207E+00
+859.0000E-06,+103.9437175E-03,-1.9450854063E+00
+859.5000E-06,+136.8763804E-03,-1.9296482205E+00
+860.0000E-06,+169.8090434E-03,-1.9296482205E+00
+860.5000E-06,+202.7417064E-03,-1.9296482205E+00
+861.0000E-06,+235.6743693E-03,-1.9296482205E+00
+861.5000E-06,+257.2864294E-03,-1.9154974669E+00
+862.0000E-06,+257.2864294E-03,-1.8743316382E+00
+862.5000E-06,+257.2864294E-03,-1.8331658095E+00
+863.0000E-06,+257.2864294E-03,-1.7919999808E+00
+863.5000E-06,+257.2864294E-03,-1.7778492272E+00
+864.0000E-06,+257.2864294E-03,-1.7984321415E+00
+864.5000E-06,+257.2864294E-03,-1.8190150559E+00
+865.0000E-06,+257.2864294E-03,-1.8395979702E+00
+865.5000E-06,+257.2864294E-03,-1.8492462113E+00
+866.0000E-06,+257.2864294E-03,-1.8492462113E+00
+866.5000E-06,+257.2864294E-03,-1.8492462113E+00
+867.0000E-06,+257.2864294E-03,-1.8492462113E+00
+867.5000E-06,+277.8693438E-03,-1.8363818899E+00
+868.0000E-06,+310.8020067E-03,-1.8157989755E+00
+868.5000E-06,+343.7346697E-03,-1.7952160612E+00
+869.0000E-06,+376.6673326E-03,-1.7746331468E+00
+869.5000E-06,+362.2592926E-03,-1.7540502325E+00
+870.0000E-06,+329.3266296E-03,-1.7334673181E+00
+870.5000E-06,+296.3939667E-03,-1.7128844038E+00
+871.0000E-06,+263.4613037E-03,-1.6923014894E+00
+871.5000E-06,+257.2864294E-03,-1.7051658109E+00
+872.0000E-06,+257.2864294E-03,-1.7257487252E+00
+872.5000E-06,+257.2864294E-03,-1.7463316396E+00
+873.0000E-06,+257.2864294E-03,-1.7669145539E+00
+873.5000E-06,+287.1316552E-03,-1.7315376699E+00
+874.0000E-06,+320.0643182E-03,-1.6903718412E+00
+874.5000E-06,+352.9969811E-03,-1.6492060125E+00
+875.0000E-06,+385.9296441E-03,-1.6080401838E+00
+875.5000E-06,+385.9296441E-03,-1.6080401838E+00
+876.0000E-06,+385.9296441E-03,-1.6080401838E+00
+876.5000E-06,+385.9296441E-03,-1.6080401838E+00
+877.0000E-06,+385.9296441E-03,-1.6061105356E+00
+877.5000E-06,+385.9296441E-03,-1.5855276212E+00
+878.0000E-06,+385.9296441E-03,-1.5649447069E+00
+878.5000E-06,+385.9296441E-03,-1.5443617925E+00
+879.0000E-06,+385.9296441E-03,-1.5276381746E+00
+879.5000E-06,+385.9296441E-03,-1.5276381746E+00
+880.0000E-06,+385.9296441E-03,-1.5276381746E+00
+880.5000E-06,+385.9296441E-03,-1.5276381746E+00
+881.0000E-06,+385.9296441E-03,-1.5276381746E+00
+881.5000E-06,+385.9296441E-03,-1.5276381746E+00
+882.0000E-06,+385.9296441E-03,-1.5276381746E+00
+882.5000E-06,+385.9296441E-03,-1.5276381746E+00
+883.0000E-06,+398.2793927E-03,-1.5276381746E+00
+883.5000E-06,+431.2120557E-03,-1.5276381746E+00
+884.0000E-06,+464.1447186E-03,-1.5276381746E+00
+884.5000E-06,+497.0773816E-03,-1.5276381746E+00
+885.0000E-06,+499.1356730E-03,-1.5179899335E+00
+885.5000E-06,+466.2030101E-03,-1.4974070191E+00
+886.0000E-06,+433.2703471E-03,-1.4768241048E+00
+886.5000E-06,+400.3376842E-03,-1.4562411904E+00
+887.0000E-06,+385.9296441E-03,-1.4356582761E+00
+887.5000E-06,+385.9296441E-03,-1.4150753617E+00
+888.0000E-06,+385.9296441E-03,-1.3944924474E+00
+888.5000E-06,+385.9296441E-03,-1.3739095330E+00
+889.0000E-06,+407.5417042E-03,-1.3668341562E+00
+889.5000E-06,+440.4743671E-03,-1.3668341562E+00
+890.0000E-06,+473.4070301E-03,-1.3668341562E+00
+890.5000E-06,+506.3396931E-03,-1.3668341562E+00
+891.0000E-06,+514.5728588E-03,-1.3668341562E+00
+891.5000E-06,+514.5728588E-03,-1.3668341562E+00
+892.0000E-06,+514.5728588E-03,-1.3668341562E+00
+892.5000E-06,+514.5728588E-03,-1.3668341562E+00
+893.0000E-06,+514.5728588E-03,-1.3494673222E+00
+893.5000E-06,+514.5728588E-03,-1.3288844079E+00
+894.0000E-06,+514.5728588E-03,-1.3083014935E+00
+894.5000E-06,+514.5728588E-03,-1.2877185792E+00
+895.0000E-06,+514.5728588E-03,-1.2671356648E+00
+895.5000E-06,+514.5728588E-03,-1.2465527505E+00
+896.0000E-06,+514.5728588E-03,-1.2259698361E+00
+896.5000E-06,+514.5728588E-03,-1.2066733539E+00
+897.0000E-06,+514.5728588E-03,-1.2272562683E+00
+897.5000E-06,+514.5728588E-03,-1.2478391826E+00
+898.0000E-06,+514.5728588E-03,-1.2684220970E+00
+898.5000E-06,+518.6894417E-03,-1.2838592827E+00
+899.0000E-06,+551.6221046E-03,-1.2632763684E+00
+899.5000E-06,+584.5547676E-03,-1.2426934540E+00
+900.0000E-06,+617.4874306E-03,-1.2221105397E+00
+900.5000E-06,+643.2160735E-03,-1.2015276253E+00
+901.0000E-06,+643.2160735E-03,-1.1809447110E+00
+901.5000E-06,+643.2160735E-03,-1.1603617966E+00
+902.0000E-06,+643.2160735E-03,-1.1397788823E+00
+902.5000E-06,+643.2160735E-03,-1.1256281286E+00
+903.0000E-06,+643.2160735E-03,-1.1256281286E+00
+903.5000E-06,+643.2160735E-03,-1.1256281286E+00
+904.0000E-06,+643.2160735E-03,-1.1256281286E+00
+904.5000E-06,+643.2160735E-03,-1.1256281286E+00
+905.0000E-06,+643.2160735E-03,-1.1256281286E+00
+905.5000E-06,+643.2160735E-03,-1.1256281286E+00
+906.0000E-06,+643.2160735E-03,-1.1256281286E+00
+906.5000E-06,+643.2160735E-03,-1.1256281286E+00
+907.0000E-06,+643.2160735E-03,-1.1256281286E+00
+907.5000E-06,+643.2160735E-03,-1.1256281286E+00
+908.0000E-06,+643.2160735E-03,-1.1256281286E+00
+908.5000E-06,+662.7698421E-03,-1.1134070233E+00
+909.0000E-06,+695.7025051E-03,-1.0928241089E+00
+909.5000E-06,+728.6351681E-03,-1.0722411945E+00
+910.0000E-06,+761.5678310E-03,-1.0516582802E+00
+910.5000E-06,+771.8592882E-03,-1.0452261195E+00
+911.0000E-06,+771.8592882E-03,-1.0452261195E+00
+911.5000E-06,+771.8592882E-03,-1.0452261195E+00
+912.0000E-06,+771.8592882E-03,-1.0452261195E+00
+912.5000E-06,+771.8592882E-03,-1.0291457176E+00
+913.0000E-06,+771.8592882E-03,-1.0085628033E+00
+913.5000E-06,+771.8592882E-03,-987.9798889E-03
+914.0000E-06,+771.8592882E-03,-967.3969746E-03
+914.5000E-06,+771.8592882E-03,-964.8241103E-03
+915.0000E-06,+771.8592882E-03,-964.8241103E-03
+915.5000E-06,+771.8592882E-03,-964.8241103E-03
+916.0000E-06,+771.8592882E-03,-964.8241103E-03
+916.5000E-06,+803.7628055E-03,-944.8844120E-03
+917.0000E-06,+836.6954684E-03,-924.3014976E-03
+917.5000E-06,+869.6281314E-03,-903.7185833E-03
+918.0000E-06,+898.4442115E-03,-884.4221011E-03
+918.5000E-06,+865.5115485E-03,-884.4221011E-03
+919.0000E-06,+832.5788856E-03,-884.4221011E-03
+919.5000E-06,+799.6462226E-03,-884.4221011E-03
+920.0000E-06,+777.0050168E-03,-881.2060207E-03
+920.5000E-06,+809.9376798E-03,-860.6231064E-03
+921.0000E-06,+842.8703427E-03,-840.0401920E-03
+921.5000E-06,+875.8030057E-03,-819.4572777E-03
+922.0000E-06,+900.5025029E-03,-804.0200919E-03
+922.5000E-06,+900.5025029E-03,-804.0200919E-03
+923.0000E-06,+900.5025029E-03,-804.0200919E-03
+923.5000E-06,+900.5025029E-03,-804.0200919E-03
+924.0000E-06,+889.1819000E-03,-804.0200919E-03
+924.5000E-06,+856.2492371E-03,-804.0200919E-03
+925.0000E-06,+823.3165741E-03,-804.0200919E-03
+925.5000E-06,+790.3839111E-03,-804.0200919E-03
+926.0000E-06,+786.2673283E-03,-795.0150669E-03
+926.5000E-06,+819.1999912E-03,-774.4321525E-03
+927.0000E-06,+852.1326542E-03,-753.8492382E-03
+927.5000E-06,+885.0653172E-03,-733.2663238E-03
+928.0000E-06,+900.5025029E-03,-723.6180827E-03
+928.5000E-06,+900.5025029E-03,-723.6180827E-03
+929.0000E-06,+900.5025029E-03,-723.6180827E-03
+929.5000E-06,+900.5025029E-03,-723.6180827E-03
+930.0000E-06,+900.5025029E-03,-710.7537612E-03
+930.5000E-06,+900.5025029E-03,-690.1708469E-03
+931.0000E-06,+900.5025029E-03,-669.5879325E-03
+931.5000E-06,+900.5025029E-03,-649.0050182E-03
+932.0000E-06,+924.1728544E-03,-628.4221038E-03
+932.5000E-06,+957.1055174E-03,-607.8391895E-03
+933.0000E-06,+990.0381803E-03,-587.2562751E-03
+933.5000E-06,+1.0229708433E+00,-566.6733608E-03
+934.0000E-06,+1.0291457176E+00,-579.5376822E-03
+934.5000E-06,+1.0291457176E+00,-600.1205966E-03
+935.0000E-06,+1.0291457176E+00,-620.7035109E-03
+935.5000E-06,+1.0291457176E+00,-641.2864253E-03
+936.0000E-06,+1.0291457176E+00,-624.5628074E-03
+936.5000E-06,+1.0291457176E+00,-603.9798930E-03
+937.0000E-06,+1.0291457176E+00,-583.3969787E-03
+937.5000E-06,+1.0291457176E+00,-562.8140643E-03
+938.0000E-06,+1.0291457176E+00,-542.2311500E-03
+938.5000E-06,+1.0291457176E+00,-521.6482356E-03
+939.0000E-06,+1.0291457176E+00,-501.0653213E-03
+939.5000E-06,+1.0291457176E+00,-482.4120551E-03
+940.0000E-06,+1.0291457176E+00,-482.4120551E-03
+940.5000E-06,+1.0291457176E+00,-482.4120551E-03
+941.0000E-06,+1.0291457176E+00,-482.4120551E-03
+941.5000E-06,+1.0291457176E+00,-478.5527587E-03
+942.0000E-06,+1.0291457176E+00,-457.9698443E-03
+942.5000E-06,+1.0291457176E+00,-437.3869300E-03
+943.0000E-06,+1.0291457176E+00,-416.8040156E-03
+943.5000E-06,+1.0384080291E+00,-402.0100459E-03
+944.0000E-06,+1.0713406920E+00,-402.0100459E-03
+944.5000E-06,+1.1042733550E+00,-402.0100459E-03
+945.0000E-06,+1.1372060180E+00,-402.0100459E-03
+945.5000E-06,+1.1577889323E+00,-402.0100459E-03
+946.0000E-06,+1.1577889323E+00,-402.0100459E-03
+946.5000E-06,+1.1577889323E+00,-402.0100459E-03
+947.0000E-06,+1.1577889323E+00,-402.0100459E-03
+947.5000E-06,+1.1577889323E+00,-392.3618048E-03
+948.0000E-06,+1.1577889323E+00,-371.7788905E-03
+948.5000E-06,+1.1577889323E+00,-351.1959761E-03
+949.0000E-06,+1.1577889323E+00,-330.6130618E-03
+949.5000E-06,+1.1392643094E+00,-321.6080368E-03
+950.0000E-06,+1.1063316464E+00,-321.6080368E-03
+950.5000E-06,+1.0733989835E+00,-321.6080368E-03
+951.0000E-06,+1.0404663205E+00,-321.6080368E-03
+951.5000E-06,+1.0507577777E+00,-321.6080368E-03
+952.0000E-06,+1.0836904407E+00,-321.6080368E-03
+952.5000E-06,+1.1166231036E+00,-321.6080368E-03
+953.0000E-06,+1.1495557666E+00,-321.6080368E-03
+953.5000E-06,+1.1577889323E+00,-306.1708510E-03
+954.0000E-06,+1.1577889323E+00,-285.5879366E-03
+954.5000E-06,+1.1577889323E+00,-265.0050223E-03
+955.0000E-06,+1.1577889323E+00,-244.4221079E-03
+955.5000E-06,+1.1577889323E+00,-223.8391936E-03
+956.0000E-06,+1.1577889323E+00,-203.2562792E-03
+956.5000E-06,+1.1577889323E+00,-182.6733649E-03
+957.0000E-06,+1.1577889323E+00,-162.0904505E-03
+957.5000E-06,+1.1577889323E+00,-141.5075362E-03
+958.0000E-06,+1.1577889323E+00,-120.9246218E-03
+958.5000E-06,+1.1577889323E+00,-100.3417075E-03
+959.0000E-06,+1.1588180780E+00,-80.4020092E-03
+959.5000E-06,+1.1917507410E+00,-80.4020092E-03
+960.0000E-06,+1.2246834040E+00,-80.4020092E-03
+960.5000E-06,+1.2576160669E+00,-80.4020092E-03
+961.0000E-06,+1.2823155642E+00,-77.8291449E-03
+961.5000E-06,+1.2493829012E+00,-57.2462305E-03
+962.0000E-06,+1.2164502382E+00,-36.6633162E-03
+962.5000E-06,+1.1835175753E+00,-16.0804018E-03
+963.0000E-06,+1.1649929523E+00,-4.5025125E-03
+963.5000E-06,+1.1979256153E+00,-25.0854269E-03
+964.0000E-06,+1.2308582783E+00,-45.6683412E-03
+964.5000E-06,+1.2637909412E+00,-66.2512556E-03
+965.0000E-06,+1.2864321470E+00,-73.9698485E-03
+965.5000E-06,+1.2864321470E+00,-53.3869341E-03
+966.0000E-06,+1.2864321470E+00,-32.8040198E-03
+966.5000E-06,+1.2864321470E+00,-12.2211054E-03
+967.0000E-06,+1.2998110414E+00,+0.0E+00
+967.5000E-06,+1.3327437043E+00,+0.0E+00
+968.0000E-06,+1.3656763673E+00,+0.0E+00
+968.5000E-06,+1.3986090302E+00,+0.0E+00
+969.0000E-06,+1.4150753617E+00,+10.2914572E-03
+969.5000E-06,+1.4150753617E+00,+30.8743715E-03
+970.0000E-06,+1.4150753617E+00,+51.4572859E-03
+970.5000E-06,+1.4150753617E+00,+72.0402002E-03
+971.0000E-06,+1.4346291304E+00,+92.6231146E-03
+971.5000E-06,+1.4675617933E+00,+113.2060289E-03
+972.0000E-06,+1.5004944563E+00,+133.7889433E-03
+972.5000E-06,+1.5334271193E+00,+154.3718576E-03
+973.0000E-06,+1.5210773706E+00,+160.8040184E-03
+973.5000E-06,+1.4881447077E+00,+160.8040184E-03
+974.0000E-06,+1.4552120447E+00,+160.8040184E-03
+974.5000E-06,+1.4222793818E+00,+160.8040184E-03
+975.0000E-06,+1.4150753617E+00,+160.8040184E-03
+975.5000E-06,+1.4150753617E+00,+160.8040184E-03
+976.0000E-06,+1.4150753617E+00,+160.8040184E-03
+976.5000E-06,+1.4150753617E+00,+160.8040184E-03
+977.0000E-06,+1.4150753617E+00,+160.8040184E-03
+977.5000E-06,+1.4150753617E+00,+160.8040184E-03
+978.0000E-06,+1.4150753617E+00,+160.8040184E-03
+978.5000E-06,+1.4150753617E+00,+160.8040184E-03
+979.0000E-06,+1.4469788790E+00,+180.7437167E-03
+979.5000E-06,+1.4799115419E+00,+201.3266310E-03
+980.0000E-06,+1.5128442049E+00,+221.9095454E-03
+980.5000E-06,+1.5416602850E+00,+241.2060276E-03
+981.0000E-06,+1.5087276220E+00,+241.2060276E-03
+981.5000E-06,+1.4757949591E+00,+241.2060276E-03
+982.0000E-06,+1.4428622961E+00,+241.2060276E-03
+982.5000E-06,+1.4202210903E+00,+244.4221079E-03
+983.0000E-06,+1.4531537533E+00,+265.0050223E-03
+983.5000E-06,+1.4860864162E+00,+285.5879366E-03
+984.0000E-06,+1.5190190792E+00,+306.1708510E-03
+984.5000E-06,+1.5437185764E+00,+321.6080368E-03
+985.0000E-06,+1.5437185764E+00,+321.6080368E-03
+985.5000E-06,+1.5437185764E+00,+321.6080368E-03
+986.0000E-06,+1.5437185764E+00,+321.6080368E-03
+986.5000E-06,+1.5550391793E+00,+328.6834136E-03
+987.0000E-06,+1.5879718423E+00,+349.2663279E-03
+987.5000E-06,+1.6209045053E+00,+369.8492423E-03
+988.0000E-06,+1.6538371682E+00,+390.4321566E-03
+988.5000E-06,+1.6579537511E+00,+402.0100459E-03
+989.0000E-06,+1.6250210881E+00,+402.0100459E-03
+989.5000E-06,+1.5920884252E+00,+402.0100459E-03
+990.0000E-06,+1.5591557622E+00,+402.0100459E-03
+990.5000E-06,+1.5612140536E+00,+402.0100459E-03
+991.0000E-06,+1.5941467166E+00,+402.0100459E-03
+991.5000E-06,+1.6270793796E+00,+402.0100459E-03
+992.0000E-06,+1.6600120425E+00,+402.0100459E-03
+992.5000E-06,+1.6723617911E+00,+414.8743674E-03
+993.0000E-06,+1.6723617911E+00,+435.4572818E-03
+993.5000E-06,+1.6723617911E+00,+456.0401961E-03
+994.0000E-06,+1.6723617911E+00,+476.6231105E-03
+994.5000E-06,+1.6486914396E+00,+482.4120551E-03
+995.0000E-06,+1.6157587767E+00,+482.4120551E-03
+995.5000E-06,+1.5828261137E+00,+482.4120551E-03
+996.0000E-06,+1.5498934507E+00,+482.4120551E-03
+996.5000E-06,+1.5437185764E+00,+499.1356730E-03
+997.0000E-06,+1.5437185764E+00,+519.7185874E-03
+997.5000E-06,+1.5437185764E+00,+540.3015017E-03
+998.0000E-06,+1.5437185764E+00,+560.8844161E-03
+998.5000E-06,+1.5735638022E+00,+562.8140643E-03
+999.0000E-06,+1.6064964652E+00,+562.8140643E-03
+999.5000E-06,+1.6394291282E+00,+562.8140643E-03
