Format,1.0B,
Memory Length,1000,Memory Length,1000,
IntpDistance,0,IntpDistance,0,
Trigger Address,497,Trigger Address,497,
Trigger Level,1.000E+00,Trigger Level,1.000E+00,
Source,CH1,Source,CH2,
Vertical Units,V,Vertical Units,V,
Vertical Units Div,0,Vertical Units Div,0,
Vertical Units Extend Div,16,Vertical Units Extend Div,16,
Label, ,Label, ,
Probe Type,0,Probe Type,0,
Probe Ratio,1.000E+00,Probe Ratio,1.000E+00,
Vertical Scale,5.000E+00,Vertical Scale,5.000E-01,
Vertical Position,2.000E-01,Vertical Position,6.000E-02,
Horizontal Units,S,Horizontal Units,S,
Horizontal Scale,5.000E-03,Horizontal Scale,5.000E-03,
Horizontal Position,1.000E-04,Horizontal Position,1.000E-04,
Horizontal Mode,Main,Horizontal Mode,Main,
SincET Mode,Real Time,SincET Mode,Real Time,
Sampling Period,5.000E-05,Sampling Period,5.000E-05,
Horizontal Old Scale,5.000E-03,Horizontal Old Scale,5.000E-03,
Horizontal Old Position,1.000E-04,Horizontal Old Position,1.000E-04,
Firmware,V1.32,Firmware,V1.32,
Mode,Detail,Mode,Detail,
Waveform Data,,Waveform Data,,
-2.490000e-02,-4.40e+00,-2.490000e-02,-4.00e-01,
-2.485000e-02,-4.40e+00,-2.485000e-02,-4.00e-01,
-2.480000e-02,-4.40e+00,-2.480000e-02,-4.00e-01,
-2.475000e-02,-4.20e+00,-2.475000e-02,-3.80e-01,
-2.470000e-02,-4.20e+00,-2.470000e-02,-4.00e-01,
-2.465000e-02,-4.20e+00,-2.465000e-02,-4.00e-01,
-2.460000e-02,-4.20e+00,-2.460000e-02,-4.00e-01,
-2.455000e-02,-4.20e+00,-2.455000e-02,-4.00e-01,
-2.450000e-02,-4.20e+00,-2.450000e-02,-3.80e-01,
-2.445000e-02,-3.80e+00,-2.445000e-02,-3.80e-01,
-2.440000e-02,-3.80e+00,-2.440000e-02,-3.80e-01,
-2.435000e-02,-3.80e+00,-2.435000e-02,-4.00e-01,
-2.430000e-02,-3.80e+00,-2.430000e-02,-3.80e-01,
-2.425000e-02,-3.80e+00,-2.425000e-02,-4.00e-01,
-2.420000e-02,-3.80e+00,-2.420000e-02,-3.80e-01,
-2.415000e-02,-3.60e+00,-2.415000e-02,-3.80e-01,
-2.410000e-02,-3.60e+00,-2.410000e-02,-4.00e-01,
-2.405000e-02,-3.60e+00,-2.405000e-02,-3.80e-01,
-2.400000e-02,-3.60e+00,-2.400000e-02,-3.80e-01,
-2.395000e-02,-3.60e+00,-2.395000e-02,-3.80e-01,
-2.390000e-02,-3.20e+00,-2.390000e-02,-3.80e-01,
-2.385000e-02,-3.20e+00,-2.385000e-02,-3.80e-01,
-2.380000e-02,-3.20e+00,-2.380000e-02,-4.00e-01,
-2.375000e-02,-3.20e+00,-2.375000e-02,-3.80e-01,
-2.370000e-02,-3.20e+00,-2.370000e-02,-3.80e-01,
-2.365000e-02,-3.00e+00,-2.365000e-02,-3.80e-01,
-2.360000e-02,-3.00e+00,-2.360000e-02,-3.80e-01,
-2.355000e-02,-3.00e+00,-2.355000e-02,-3.80e-01,
-2.350000e-02,-3.00e+00,-2.350000e-02,-3.80e-01,
-2.345000e-02,-3.00e+00,-2.345000e-02,-3.80e-01,
-2.340000e-02,-3.00e+00,-2.340000e-02,-3.80e-01,
-2.335000e-02,-2.80e+00,-2.335000e-02,-3.80e-01,
-2.330000e-02,-2.80e+00,-2.330000e-02,-3.80e-01,
-2.325000e-02,-2.80e+00,-2.325000e-02,-3.80e-01,
-2.320000e-02,-2.80e+00,-2.320000e-02,-3.80e-01,
-2.315000e-02,-2.80e+00,-2.315000e-02,-3.80e-01,
-2.310000e-02,-2.40e+00,-2.310000e-02,-3.80e-01,
-2.305000e-02,-2.40e+00,-2.305000e-02,-3.40e-01,
-2.300000e-02,-2.40e+00,-2.300000e-02,-3.80e-01,
-2.295000e-02,-2.40e+00,-2.295000e-02,-3.80e-01,
-2.290000e-02,-2.40e+00,-2.290000e-02,-3.40e-01,
-2.285000e-02,-2.20e+00,-2.285000e-02,-3.40e-01,
-2.280000e-02,-2.20e+00,-2.280000e-02,-3.40e-01,
-2.275000e-02,-2.20e+00,-2.275000e-02,-3.40e-01,
-2.270000e-02,-2.20e+00,-2.270000e-02,-3.40e-01,
-2.265000e-02,-2.20e+00,-2.265000e-02,-3.40e-01,
-2.260000e-02,-2.20e+00,-2.260000e-02,-3.40e-01,
-2.255000e-02,-1.80e+00,-2.255000e-02,-3.20e-01,
-2.250000e-02,-1.80e+00,-2.250000e-02,-3.40e-01,
-2.245000e-02,-1.80e+00,-2.245000e-02,-3.40e-01,
-2.240000e-02,-1.80e+00,-2.240000e-02,-3.40e-01,
-2.235000e-02,-1.80e+00,-2.235000e-02,-3.40e-01,
-2.230000e-02,-1.80e+00,-2.230000e-02,-3.40e-01,
-2.225000e-02,-1.60e+00,-2.225000e-02,-3.40e-01,
-2.220000e-02,-1.60e+00,-2.220000e-02,-3.40e-01,
-2.215000e-02,-1.60e+00,-2.215000e-02,-3.40e-01,
-2.210000e-02,-1.60e+00,-2.210000e-02,-3.20e-01,
-2.205000e-02,-1.60e+00,-2.205000e-02,-3.20e-01,
-2.200000e-02,-1.40e+00,-2.200000e-02,-3.20e-01,
-2.195000e-02,-1.40e+00,-2.195000e-02,-3.20e-01,
-2.190000e-02,-1.40e+00,-2.190000e-02,-3.20e-01,
-2.185000e-02,-1.40e+00,-2.185000e-02,-3.20e-01,
-2.180000e-02,-1.40e+00,-2.180000e-02,-3.20e-01,
-2.175000e-02,-1.40e+00,-2.175000e-02,-3.20e-01,
-2.170000e-02,-1.00e+00,-2.170000e-02,-3.20e-01,
-2.165000e-02,-1.00e+00,-2.165000e-02,-3.20e-01,
-2.160000e-02,-1.00e+00,-2.160000e-02,-3.20e-01,
-2.155000e-02,-1.00e+00,-2.155000e-02,-3.20e-01,
-2.150000e-02,-1.00e+00,-2.150000e-02,-3.20e-01,
-2.145000e-02,-1.00e+00,-2.145000e-02,-3.20e-01,
-2.140000e-02,-8.00e-01,-2.140000e-02,-3.00e-01,
-2.135000e-02,-8.00e-01,-2.135000e-02,-3.00e-01,
-2.130000e-02,-8.00e-01,-2.130000e-02,-3.20e-01,
-2.125000e-02,-8.00e-01,-2.125000e-02,-3.20e-01,
-2.120000e-02,-8.00e-01,-2.120000e-02,-3.00e-01,
-2.115000e-02,-4.00e-01,-2.115000e-02,-3.00e-01,
-2.110000e-02,-4.00e-01,-2.110000e-02,-3.00e-01,
-2.105000e-02,-4.00e-01,-2.105000e-02,-3.00e-01,
-2.100000e-02,-4.00e-01,-2.100000e-02,-3.00e-01,
-2.095000e-02,-4.00e-01,-2.095000e-02,-3.00e-01,
-2.090000e-02,-2.00e-01,-2.090000e-02,-3.00e-01,
-2.085000e-02,-2.00e-01,-2.085000e-02,-3.00e-01,
-2.080000e-02,-2.00e-01,-2.080000e-02,-2.80e-01,
-2.075000e-02,-2.00e-01,-2.075000e-02,-2.80e-01,
-2.070000e-02,-2.00e-01,-2.070000e-02,-2.80e-01,
-2.065000e-02,-2.00e-01,-2.065000e-02,-2.80e-01,
-2.060000e-02,0.00e+00,-2.060000e-02,-2.80e-01,
-2.055000e-02,0.00e+00,-2.055000e-02,-2.80e-01,
-2.050000e-02,0.00e+00,-2.050000e-02,-2.60e-01,
-2.045000e-02,0.00e+00,-2.045000e-02,-2.60e-01,
-2.040000e-02,0.00e+00,-2.040000e-02,-2.20e-01,
-2.035000e-02,0.00e+00,-2.035000e-02,-2.60e-01,
-2.030000e-02,4.00e-01,-2.030000e-02,-2.20e-01,
-2.025000e-02,4.00e-01,-2.025000e-02,-2.20e-01,
-2.020000e-02,4.00e-01,-2.020000e-02,-2.20e-01,
-2.015000e-02,4.00e-01,-2.015000e-02,-2.20e-01,
-2.010000e-02,4.00e-01,-2.010000e-02,-2.20e-01,
-2.005000e-02,6.00e-01,-2.005000e-02,-2.00e-01,
-2.000000e-02,6.00e-01,-2.000000e-02,-2.00e-01,
-1.995000e-02,6.00e-01,-1.995000e-02,-1.80e-01,
-1.990000e-02,6.00e-01,-1.990000e-02,-1.80e-01,
-1.985000e-02,6.00e-01,-1.985000e-02,-1.60e-01,
-1.980000e-02,1.00e+00,-1.980000e-02,-1.60e-01,
-1.975000e-02,1.00e+00,-1.975000e-02,-1.60e-01,
-1.970000e-02,1.00e+00,-1.970000e-02,-1.40e-01,
-1.965000e-02,1.00e+00,-1.965000e-02,-1.00e-01,
-1.960000e-02,1.00e+00,-1.960000e-02,-1.40e-01,
-1.955000e-02,1.00e+00,-1.955000e-02,-1.00e-01,
-1.950000e-02,1.20e+00,-1.950000e-02,-8.00e-02,
-1.945000e-02,1.20e+00,-1.945000e-02,-8.00e-02,
-1.940000e-02,1.20e+00,-1.940000e-02,-8.00e-02,
-1.935000e-02,1.20e+00,-1.935000e-02,-8.00e-02,
-1.930000e-02,1.20e+00,-1.930000e-02,-6.00e-02,
-1.925000e-02,1.20e+00,-1.925000e-02,-6.00e-02,
-1.920000e-02,1.40e+00,-1.920000e-02,-4.00e-02,
-1.915000e-02,1.40e+00,-1.915000e-02,-4.00e-02,
-1.910000e-02,1.40e+00,-1.910000e-02,-4.00e-02,
-1.905000e-02,1.40e+00,-1.905000e-02,-4.00e-02,
-1.900000e-02,1.40e+00,-1.900000e-02,-4.00e-02,
-1.895000e-02,1.40e+00,-1.895000e-02,-2.00e-02,
-1.890000e-02,1.80e+00,-1.890000e-02,-2.00e-02,
-1.885000e-02,1.80e+00,-1.885000e-02,2.00e-02,
-1.880000e-02,1.80e+00,-1.880000e-02,2.00e-02,
-1.875000e-02,1.80e+00,-1.875000e-02,4.00e-02,
-1.870000e-02,1.80e+00,-1.870000e-02,4.00e-02,
-1.865000e-02,1.80e+00,-1.865000e-02,4.00e-02,
-1.860000e-02,2.00e+00,-1.860000e-02,4.00e-02,
-1.855000e-02,2.00e+00,-1.855000e-02,6.00e-02,
-1.850000e-02,2.00e+00,-1.850000e-02,6.00e-02,
-1.845000e-02,2.00e+00,-1.845000e-02,8.00e-02,
-1.840000e-02,2.00e+00,-1.840000e-02,8.00e-02,
-1.835000e-02,2.40e+00,-1.835000e-02,8.00e-02,
-1.830000e-02,2.40e+00,-1.830000e-02,8.00e-02,
-1.825000e-02,2.40e+00,-1.825000e-02,1.00e-01,
-1.820000e-02,2.40e+00,-1.820000e-02,1.00e-01,
-1.815000e-02,2.40e+00,-1.815000e-02,1.40e-01,
-1.810000e-02,2.60e+00,-1.810000e-02,1.40e-01,
-1.805000e-02,2.60e+00,-1.805000e-02,1.40e-01,
-1.800000e-02,2.60e+00,-1.800000e-02,1.40e-01,
-1.795000e-02,2.60e+00,-1.795000e-02,1.60e-01,
-1.790000e-02,2.60e+00,-1.790000e-02,1.60e-01,
-1.785000e-02,2.60e+00,-1.785000e-02,1.60e-01,
-1.780000e-02,2.60e+00,-1.780000e-02,1.60e-01,
-1.775000e-02,2.80e+00,-1.775000e-02,1.80e-01,
-1.770000e-02,2.80e+00,-1.770000e-02,1.80e-01,
-1.765000e-02,2.80e+00,-1.765000e-02,1.80e-01,
-1.760000e-02,2.80e+00,-1.760000e-02,1.80e-01,
-1.755000e-02,2.80e+00,-1.755000e-02,1.80e-01,
-1.750000e-02,2.80e+00,-1.750000e-02,2.00e-01,
-1.745000e-02,3.20e+00,-1.745000e-02,2.00e-01,
-1.740000e-02,3.20e+00,-1.740000e-02,2.00e-01,
-1.735000e-02,3.20e+00,-1.735000e-02,2.00e-01,
-1.730000e-02,3.20e+00,-1.730000e-02,2.20e-01,
-1.725000e-02,3.20e+00,-1.725000e-02,2.20e-01,
-1.720000e-02,3.40e+00,-1.720000e-02,2.20e-01,
-1.715000e-02,3.40e+00,-1.715000e-02,2.60e-01,
-1.710000e-02,3.40e+00,-1.710000e-02,2.60e-01,
-1.705000e-02,3.40e+00,-1.705000e-02,2.60e-01,
-1.700000e-02,3.40e+00,-1.700000e-02,2.20e-01,
-1.695000e-02,3.40e+00,-1.695000e-02,2.60e-01,
-1.690000e-02,3.80e+00,-1.690000e-02,2.60e-01,
-1.685000e-02,3.80e+00,-1.685000e-02,2.60e-01,
-1.680000e-02,3.80e+00,-1.680000e-02,2.80e-01,
-1.675000e-02,3.80e+00,-1.675000e-02,2.60e-01,
-1.670000e-02,3.80e+00,-1.670000e-02,2.80e-01,
-1.665000e-02,4.00e+00,-1.665000e-02,2.80e-01,
-1.660000e-02,4.00e+00,-1.660000e-02,2.80e-01,
-1.655000e-02,4.00e+00,-1.655000e-02,2.80e-01,
-1.650000e-02,4.00e+00,-1.650000e-02,2.80e-01,
-1.645000e-02,4.00e+00,-1.645000e-02,2.80e-01,
-1.640000e-02,4.20e+00,-1.640000e-02,2.80e-01,
-1.635000e-02,4.20e+00,-1.635000e-02,2.80e-01,
-1.630000e-02,4.20e+00,-1.630000e-02,2.80e-01,
-1.625000e-02,4.20e+00,-1.625000e-02,2.80e-01,
-1.620000e-02,4.20e+00,-1.620000e-02,2.80e-01,
-1.615000e-02,4.20e+00,-1.615000e-02,3.00e-01,
-1.610000e-02,4.60e+00,-1.610000e-02,3.00e-01,
-1.605000e-02,4.60e+00,-1.605000e-02,3.00e-01,
-1.600000e-02,4.60e+00,-1.600000e-02,3.00e-01,
-1.595000e-02,4.60e+00,-1.595000e-02,3.00e-01,
-1.590000e-02,4.60e+00,-1.590000e-02,3.00e-01,
-1.585000e-02,4.60e+00,-1.585000e-02,3.00e-01,
-1.580000e-02,4.80e+00,-1.580000e-02,3.00e-01,
-1.575000e-02,4.80e+00,-1.575000e-02,3.00e-01,
-1.570000e-02,4.80e+00,-1.570000e-02,3.00e-01,
-1.565000e-02,4.80e+00,-1.565000e-02,3.00e-01,
-1.560000e-02,4.80e+00,-1.560000e-02,3.20e-01,
-1.555000e-02,5.20e+00,-1.555000e-02,3.00e-01,
-1.550000e-02,4.80e+00,-1.550000e-02,3.20e-01,
-1.545000e-02,4.80e+00,-1.545000e-02,3.20e-01,
-1.540000e-02,4.80e+00,-1.540000e-02,3.00e-01,
-1.535000e-02,4.80e+00,-1.535000e-02,3.20e-01,
-1.530000e-02,4.80e+00,-1.530000e-02,3.20e-01,
-1.525000e-02,4.80e+00,-1.525000e-02,3.20e-01,
-1.520000e-02,4.80e+00,-1.520000e-02,3.20e-01,
-1.515000e-02,4.60e+00,-1.515000e-02,3.20e-01,
-1.510000e-02,4.60e+00,-1.510000e-02,3.20e-01,
-1.505000e-02,4.60e+00,-1.505000e-02,3.20e-01,
-1.500000e-02,4.60e+00,-1.500000e-02,3.20e-01,
-1.495000e-02,4.60e+00,-1.495000e-02,3.20e-01,
-1.490000e-02,4.60e+00,-1.490000e-02,3.20e-01,
-1.485000e-02,4.20e+00,-1.485000e-02,3.20e-01,
-1.480000e-02,4.20e+00,-1.480000e-02,3.20e-01,
-1.475000e-02,4.20e+00,-1.475000e-02,3.00e-01,
-1.470000e-02,4.20e+00,-1.470000e-02,3.00e-01,
-1.465000e-02,4.20e+00,-1.465000e-02,3.20e-01,
-1.460000e-02,4.20e+00,-1.460000e-02,3.00e-01,
-1.455000e-02,4.00e+00,-1.455000e-02,3.20e-01,
-1.450000e-02,4.00e+00,-1.450000e-02,3.20e-01,
-1.445000e-02,4.00e+00,-1.445000e-02,3.20e-01,
-1.440000e-02,4.00e+00,-1.440000e-02,3.20e-01,
-1.435000e-02,4.00e+00,-1.435000e-02,3.00e-01,
-1.430000e-02,3.80e+00,-1.430000e-02,3.20e-01,
-1.425000e-02,3.80e+00,-1.425000e-02,3.20e-01,
-1.420000e-02,3.80e+00,-1.420000e-02,3.20e-01,
-1.415000e-02,3.80e+00,-1.415000e-02,3.20e-01,
-1.410000e-02,3.80e+00,-1.410000e-02,3.20e-01,
-1.405000e-02,3.80e+00,-1.405000e-02,3.00e-01,
-1.400000e-02,3.40e+00,-1.400000e-02,3.00e-01,
-1.395000e-02,3.40e+00,-1.395000e-02,3.20e-01,
-1.390000e-02,3.40e+00,-1.390000e-02,3.00e-01,
-1.385000e-02,3.40e+00,-1.385000e-02,3.00e-01,
-1.380000e-02,3.40e+00,-1.380000e-02,3.00e-01,
-1.375000e-02,3.20e+00,-1.375000e-02,3.20e-01,
-1.370000e-02,3.20e+00,-1.370000e-02,3.20e-01,
-1.365000e-02,3.20e+00,-1.365000e-02,3.00e-01,
-1.360000e-02,3.20e+00,-1.360000e-02,3.00e-01,
-1.355000e-02,3.20e+00,-1.355000e-02,3.00e-01,
-1.350000e-02,3.20e+00,-1.350000e-02,3.00e-01,
-1.345000e-02,3.20e+00,-1.345000e-02,3.20e-01,
-1.340000e-02,2.80e+00,-1.340000e-02,3.20e-01,
-1.335000e-02,2.80e+00,-1.335000e-02,3.00e-01,
-1.330000e-02,2.80e+00,-1.330000e-02,3.00e-01,
-1.325000e-02,2.80e+00,-1.325000e-02,3.20e-01,
-1.320000e-02,2.80e+00,-1.320000e-02,3.00e-01,
-1.315000e-02,2.60e+00,-1.315000e-02,3.00e-01,
-1.310000e-02,2.60e+00,-1.310000e-02,3.00e-01,
-1.305000e-02,2.60e+00,-1.305000e-02,3.00e-01,
-1.300000e-02,2.60e+00,-1.300000e-02,3.00e-01,
-1.295000e-02,2.60e+00,-1.295000e-02,3.00e-01,
-1.290000e-02,2.40e+00,-1.290000e-02,3.00e-01,
-1.285000e-02,2.40e+00,-1.285000e-02,3.00e-01,
-1.280000e-02,2.40e+00,-1.280000e-02,3.00e-01,
-1.275000e-02,2.40e+00,-1.275000e-02,3.00e-01,
-1.270000e-02,2.40e+00,-1.270000e-02,3.00e-01,
-1.265000e-02,2.00e+00,-1.265000e-02,3.00e-01,
-1.260000e-02,2.00e+00,-1.260000e-02,3.20e-01,
-1.255000e-02,2.00e+00,-1.255000e-02,3.00e-01,
-1.250000e-02,2.00e+00,-1.250000e-02,3.00e-01,
-1.245000e-02,2.00e+00,-1.245000e-02,3.00e-01,
-1.240000e-02,2.00e+00,-1.240000e-02,3.00e-01,
-1.235000e-02,1.80e+00,-1.235000e-02,3.00e-01,
-1.230000e-02,1.80e+00,-1.230000e-02,3.20e-01,
-1.225000e-02,1.80e+00,-1.225000e-02,3.00e-01,
-1.220000e-02,1.80e+00,-1.220000e-02,3.00e-01,
-1.215000e-02,1.80e+00,-1.215000e-02,3.00e-01,
-1.210000e-02,1.80e+00,-1.210000e-02,3.00e-01,
-1.205000e-02,1.40e+00,-1.205000e-02,3.00e-01,
-1.200000e-02,1.40e+00,-1.200000e-02,3.00e-01,
-1.195000e-02,1.40e+00,-1.195000e-02,3.00e-01,
-1.190000e-02,1.40e+00,-1.190000e-02,3.00e-01,
-1.185000e-02,1.40e+00,-1.185000e-02,3.00e-01,
-1.180000e-02,1.40e+00,-1.180000e-02,3.00e-01,
-1.175000e-02,1.20e+00,-1.175000e-02,3.00e-01,
-1.170000e-02,1.20e+00,-1.170000e-02,3.00e-01,
-1.165000e-02,1.20e+00,-1.165000e-02,3.00e-01,
-1.160000e-02,1.20e+00,-1.160000e-02,3.00e-01,
-1.155000e-02,1.20e+00,-1.155000e-02,3.00e-01,
-1.150000e-02,1.00e+00,-1.150000e-02,3.00e-01,
-1.145000e-02,1.00e+00,-1.145000e-02,3.00e-01,
-1.140000e-02,1.00e+00,-1.140000e-02,3.00e-01,
-1.135000e-02,1.00e+00,-1.135000e-02,2.80e-01,
-1.130000e-02,1.00e+00,-1.130000e-02,3.00e-01,
-1.125000e-02,6.00e-01,-1.125000e-02,3.00e-01,
-1.120000e-02,6.00e-01,-1.120000e-02,2.80e-01,
-1.115000e-02,6.00e-01,-1.115000e-02,3.00e-01,
-1.110000e-02,6.00e-01,-1.110000e-02,2.80e-01,
-1.105000e-02,6.00e-01,-1.105000e-02,3.00e-01,
-1.100000e-02,6.00e-01,-1.100000e-02,3.00e-01,
-1.095000e-02,4.00e-01,-1.095000e-02,3.00e-01,
-1.090000e-02,4.00e-01,-1.090000e-02,3.00e-01,
-1.085000e-02,4.00e-01,-1.085000e-02,2.80e-01,
-1.080000e-02,4.00e-01,-1.080000e-02,2.80e-01,
-1.075000e-02,4.00e-01,-1.075000e-02,2.80e-01,
-1.070000e-02,0.00e+00,-1.070000e-02,2.80e-01,
-1.065000e-02,0.00e+00,-1.065000e-02,2.80e-01,
-1.060000e-02,0.00e+00,-1.060000e-02,2.80e-01,
-1.055000e-02,0.00e+00,-1.055000e-02,2.80e-01,
-1.050000e-02,0.00e+00,-1.050000e-02,2.80e-01,
-1.045000e-02,0.00e+00,-1.045000e-02,2.80e-01,
-1.040000e-02,-2.00e-01,-1.040000e-02,2.80e-01,
-1.035000e-02,-2.00e-01,-1.035000e-02,2.80e-01,
-1.030000e-02,-2.00e-01,-1.030000e-02,2.80e-01,
-1.025000e-02,-2.00e-01,-1.025000e-02,2.60e-01,
-1.020000e-02,-2.00e-01,-1.020000e-02,2.60e-01,
-1.015000e-02,-2.00e-01,-1.015000e-02,2.60e-01,
-1.010000e-02,-4.00e-01,-1.010000e-02,2.60e-01,
-1.005000e-02,-4.00e-01,-1.005000e-02,2.60e-01,
-9.999999e-03,-4.00e-01,-9.999999e-03,2.60e-01,
-9.949999e-03,-4.00e-01,-9.949999e-03,2.60e-01,
-9.899999e-03,-4.00e-01,-9.899999e-03,2.60e-01,
-9.849999e-03,-8.00e-01,-9.849999e-03,2.20e-01,
-9.799999e-03,-8.00e-01,-9.799999e-03,2.20e-01,
-9.749999e-03,-8.00e-01,-9.749999e-03,2.20e-01,
-9.699999e-03,-8.00e-01,-9.699999e-03,2.20e-01,
-9.649999e-03,-8.00e-01,-9.649999e-03,2.00e-01,
-9.599999e-03,-8.00e-01,-9.599999e-03,2.00e-01,
-9.549999e-03,-1.00e+00,-9.549999e-03,1.80e-01,
-9.499999e-03,-1.00e+00,-9.499999e-03,2.00e-01,
-9.449999e-03,-1.00e+00,-9.449999e-03,1.80e-01,
-9.399999e-03,-1.00e+00,-9.399999e-03,1.80e-01,
-9.349999e-03,-1.00e+00,-9.349999e-03,1.60e-01,
-9.299999e-03,-1.00e+00,-9.299999e-03,1.60e-01,
-9.249999e-03,-1.40e+00,-9.249999e-03,1.40e-01,
-9.199999e-03,-1.40e+00,-9.199999e-03,1.40e-01,
-9.149999e-03,-1.40e+00,-9.149999e-03,1.40e-01,
-9.099999e-03,-1.40e+00,-9.099999e-03,1.00e-01,
-9.049999e-03,-1.40e+00,-9.049999e-03,8.00e-02,
-8.999999e-03,-1.60e+00,-8.999999e-03,8.00e-02,
-8.949999e-03,-1.60e+00,-8.949999e-03,6.00e-02,
-8.899999e-03,-1.60e+00,-8.899999e-03,6.00e-02,
-8.849999e-03,-1.60e+00,-8.849999e-03,4.00e-02,
-8.799999e-03,-1.60e+00,-8.799999e-03,4.00e-02,
-8.749999e-03,-1.60e+00,-8.749999e-03,4.00e-02,
-8.699999e-03,-1.80e+00,-8.699999e-03,4.00e-02,
-8.649999e-03,-1.80e+00,-8.649999e-03,2.00e-02,
-8.599999e-03,-1.80e+00,-8.599999e-03,2.00e-02,
-8.549999e-03,-1.80e+00,-8.549999e-03,-2.00e-02,
-8.499999e-03,-1.80e+00,-8.499999e-03,-2.00e-02,
-8.449999e-03,-2.20e+00,-8.449999e-03,-4.00e-02,
-8.399999e-03,-2.20e+00,-8.399999e-03,-2.00e-02,
-8.349999e-03,-2.20e+00,-8.349999e-03,-4.00e-02,
-8.299999e-03,-2.20e+00,-8.299999e-03,-4.00e-02,
-8.249999e-03,-2.20e+00,-8.249999e-03,-6.00e-02,
-8.199999e-03,-2.20e+00,-8.199999e-03,-6.00e-02,
-8.149999e-03,-2.40e+00,-8.149999e-03,-8.00e-02,
-8.099999e-03,-2.40e+00,-8.099999e-03,-8.00e-02,
-8.049999e-03,-2.40e+00,-8.049999e-03,-8.00e-02,
-7.999999e-03,-2.40e+00,-7.999999e-03,-1.00e-01,
-7.949999e-03,-2.40e+00,-7.949999e-03,-1.00e-01,
-7.899999e-03,-2.40e+00,-7.899999e-03,-1.00e-01,
-7.849999e-03,-2.80e+00,-7.849999e-03,-1.40e-01,
-7.799999e-03,-2.80e+00,-7.799999e-03,-1.40e-01,
-7.749999e-03,-2.80e+00,-7.749999e-03,-1.40e-01,
-7.699999e-03,-2.80e+00,-7.699999e-03,-1.60e-01,
-7.649999e-03,-2.80e+00,-7.649999e-03,-1.60e-01,
-7.599999e-03,-3.00e+00,-7.599999e-03,-1.60e-01,
-7.549999e-03,-3.00e+00,-7.549999e-03,-1.80e-01,
-7.499999e-03,-3.00e+00,-7.499999e-03,-1.80e-01,
-7.449999e-03,-3.00e+00,-7.449999e-03,-1.80e-01,
-7.399999e-03,-3.00e+00,-7.399999e-03,-1.80e-01,
-7.349999e-03,-3.00e+00,-7.349999e-03,-2.00e-01,
-7.299999e-03,-3.20e+00,-7.299999e-03,-2.00e-01,
-7.249999e-03,-3.20e+00,-7.249999e-03,-2.00e-01,
-7.199999e-03,-3.20e+00,-7.199999e-03,-2.20e-01,
-7.149999e-03,-3.20e+00,-7.149999e-03,-2.20e-01,
-7.099999e-03,-3.20e+00,-7.099999e-03,-2.20e-01,
-7.049999e-03,-3.60e+00,-7.049999e-03,-2.20e-01,
-6.999999e-03,-3.60e+00,-6.999999e-03,-2.60e-01,
-6.949999e-03,-3.60e+00,-6.949999e-03,-2.60e-01,
-6.899999e-03,-3.60e+00,-6.899999e-03,-2.60e-01,
-6.849999e-03,-3.60e+00,-6.849999e-03,-2.60e-01,
-6.799999e-03,-3.80e+00,-6.799999e-03,-2.60e-01,
-6.749999e-03,-3.80e+00,-6.749999e-03,-2.80e-01,
-6.699999e-03,-3.80e+00,-6.699999e-03,-2.80e-01,
-6.649999e-03,-3.80e+00,-6.649999e-03,-3.00e-01,
-6.599999e-03,-3.80e+00,-6.599999e-03,-3.00e-01,
-6.549999e-03,-3.80e+00,-6.549999e-03,-3.00e-01,
-6.499999e-03,-4.20e+00,-6.499999e-03,-3.00e-01,
-6.449999e-03,-4.20e+00,-6.449999e-03,-3.00e-01,
-6.399999e-03,-4.20e+00,-6.399999e-03,-3.20e-01,
-6.349999e-03,-4.20e+00,-6.349999e-03,-3.20e-01,
-6.299999e-03,-4.20e+00,-6.299999e-03,-3.00e-01,
-6.249999e-03,-4.20e+00,-6.249999e-03,-3.20e-01,
-6.199999e-03,-4.40e+00,-6.199999e-03,-3.20e-01,
-6.149999e-03,-4.40e+00,-6.149999e-03,-3.40e-01,
-6.099999e-03,-4.40e+00,-6.099999e-03,-3.20e-01,
-6.049999e-03,-4.40e+00,-6.049999e-03,-3.40e-01,
-5.999999e-03,-4.40e+00,-5.999999e-03,-3.40e-01,
-5.949999e-03,-4.40e+00,-5.949999e-03,-3.40e-01,
-5.899999e-03,-4.60e+00,-5.899999e-03,-3.40e-01,
-5.849999e-03,-4.60e+00,-5.849999e-03,-3.40e-01,
-5.799999e-03,-4.60e+00,-5.799999e-03,-3.40e-01,
-5.749999e-03,-4.60e+00,-5.749999e-03,-3.80e-01,
-5.699999e-03,-4.60e+00,-5.699999e-03,-3.80e-01,
-5.649999e-03,-5.00e+00,-5.649999e-03,-3.80e-01,
-5.599999e-03,-5.00e+00,-5.599999e-03,-3.80e-01,
-5.549999e-03,-5.00e+00,-5.549999e-03,-3.80e-01,
-5.499999e-03,-5.00e+00,-5.499999e-03,-3.80e-01,
-5.449999e-03,-5.00e+00,-5.449999e-03,-4.00e-01,
-5.399999e-03,-5.00e+00,-5.399999e-03,-4.00e-01,
-5.349999e-03,-5.00e+00,-5.349999e-03,-3.80e-01,
-5.299999e-03,-4.60e+00,-5.299999e-03,-3.80e-01,
-5.249999e-03,-4.60e+00,-5.249999e-03,-4.00e-01,
-5.199999e-03,-4.60e+00,-5.199999e-03,-3.80e-01,
-5.149999e-03,-4.60e+00,-5.149999e-03,-3.80e-01,
-5.099999e-03,-4.60e+00,-5.099999e-03,-4.00e-01,
-5.049999e-03,-4.60e+00,-5.049999e-03,-4.00e-01,
-4.999999e-03,-4.40e+00,-4.999999e-03,-3.80e-01,
-4.949999e-03,-4.40e+00,-4.949999e-03,-3.80e-01,
-4.899999e-03,-4.40e+00,-4.899999e-03,-3.80e-01,
-4.849999e-03,-4.40e+00,-4.849999e-03,-3.80e-01,
-4.799999e-03,-4.40e+00,-4.799999e-03,-3.80e-01,
-4.749999e-03,-4.40e+00,-4.749999e-03,-4.00e-01,
-4.699999e-03,-4.20e+00,-4.699999e-03,-4.00e-01,
-4.649999e-03,-4.20e+00,-4.649999e-03,-3.80e-01,
-4.599999e-03,-4.20e+00,-4.599999e-03,-4.00e-01,
-4.549999e-03,-4.20e+00,-4.549999e-03,-3.80e-01,
-4.499999e-03,-4.20e+00,-4.499999e-03,-3.80e-01,
-4.449999e-03,-3.80e+00,-4.449999e-03,-3.80e-01,
-4.399999e-03,-3.80e+00,-4.399999e-03,-3.80e-01,
-4.349999e-03,-3.80e+00,-4.349999e-03,-3.80e-01,
-4.299999e-03,-3.80e+00,-4.299999e-03,-4.00e-01,
-4.249999e-03,-3.80e+00,-4.249999e-03,-3.80e-01,
-4.199999e-03,-3.60e+00,-4.199999e-03,-3.80e-01,
-4.149999e-03,-3.60e+00,-4.149999e-03,-4.00e-01,
-4.099999e-03,-3.60e+00,-4.099999e-03,-3.80e-01,
-4.049999e-03,-3.60e+00,-4.049999e-03,-3.80e-01,
-3.999999e-03,-3.60e+00,-3.999999e-03,-3.80e-01,
-3.949999e-03,-3.60e+00,-3.949999e-03,-3.80e-01,
-3.899999e-03,-3.20e+00,-3.899999e-03,-3.80e-01,
-3.849999e-03,-3.20e+00,-3.849999e-03,-3.80e-01,
-3.799999e-03,-3.20e+00,-3.799999e-03,-3.80e-01,
-3.749999e-03,-3.20e+00,-3.749999e-03,-3.80e-01,
-3.699999e-03,-3.20e+00,-3.699999e-03,-3.80e-01,
-3.649999e-03,-3.00e+00,-3.649999e-03,-3.80e-01,
-3.599999e-03,-3.00e+00,-3.599999e-03,-3.80e-01,
-3.549999e-03,-3.00e+00,-3.549999e-03,-3.80e-01,
-3.499999e-03,-3.00e+00,-3.499999e-03,-3.80e-01,
-3.449999e-03,-3.00e+00,-3.449999e-03,-3.80e-01,
-3.399999e-03,-3.00e+00,-3.399999e-03,-3.80e-01,
-3.349999e-03,-2.80e+00,-3.349999e-03,-3.80e-01,
-3.299999e-03,-2.80e+00,-3.299999e-03,-3.40e-01,
-3.249999e-03,-2.80e+00,-3.249999e-03,-3.80e-01,
-3.199999e-03,-2.80e+00,-3.199999e-03,-3.40e-01,
-3.149999e-03,-2.80e+00,-3.149999e-03,-3.80e-01,
-3.099999e-03,-2.40e+00,-3.099999e-03,-3.40e-01,
-3.049999e-03,-2.40e+00,-3.049999e-03,-3.80e-01,
-2.999999e-03,-2.40e+00,-2.999999e-03,-3.40e-01,
-2.949999e-03,-2.40e+00,-2.949999e-03,-3.40e-01,
-2.899999e-03,-2.40e+00,-2.899999e-03,-3.40e-01,
-2.849999e-03,-2.40e+00,-2.849999e-03,-3.40e-01,
-2.799999e-03,-2.20e+00,-2.799999e-03,-3.40e-01,
-2.749999e-03,-2.20e+00,-2.749999e-03,-3.40e-01,
-2.699999e-03,-2.20e+00,-2.699999e-03,-3.40e-01,
-2.649999e-03,-2.20e+00,-2.649999e-03,-3.40e-01,
-2.599999e-03,-2.20e+00,-2.599999e-03,-3.80e-01,
-2.549999e-03,-1.80e+00,-2.549999e-03,-3.40e-01,
-2.499999e-03,-1.80e+00,-2.499999e-03,-3.40e-01,
-2.449999e-03,-1.80e+00,-2.449999e-03,-3.40e-01,
-2.399999e-03,-1.80e+00,-2.399999e-03,-3.40e-01,
-2.349999e-03,-1.80e+00,-2.349999e-03,-3.40e-01,
-2.299999e-03,-1.80e+00,-2.299999e-03,-3.40e-01,
-2.249999e-03,-1.60e+00,-2.249999e-03,-3.20e-01,
-2.199999e-03,-1.60e+00,-2.199999e-03,-3.20e-01,
-2.149999e-03,-1.60e+00,-2.149999e-03,-3.40e-01,
-2.099999e-03,-1.60e+00,-2.099999e-03,-3.20e-01,
-2.049999e-03,-1.60e+00,-2.049999e-03,-3.20e-01,
-1.999999e-03,-1.40e+00,-1.999999e-03,-3.20e-01,
-1.949999e-03,-1.40e+00,-1.949999e-03,-3.20e-01,
-1.899999e-03,-1.40e+00,-1.899999e-03,-3.20e-01,
-1.849999e-03,-1.40e+00,-1.849999e-03,-3.20e-01,
-1.799999e-03,-1.40e+00,-1.799999e-03,-3.20e-01,
-1.749999e-03,-1.00e+00,-1.749999e-03,-3.20e-01,
-1.699999e-03,-1.00e+00,-1.699999e-03,-3.20e-01,
-1.649999e-03,-1.00e+00,-1.649999e-03,-3.20e-01,
-1.599999e-03,-1.00e+00,-1.599999e-03,-3.20e-01,
-1.549999e-03,-1.00e+00,-1.549999e-03,-3.20e-01,
-1.499999e-03,-1.00e+00,-1.499999e-03,-3.20e-01,
-1.449999e-03,-1.00e+00,-1.449999e-03,-3.20e-01,
-1.399999e-03,-8.00e-01,-1.399999e-03,-3.00e-01,
-1.349999e-03,-8.00e-01,-1.349999e-03,-3.00e-01,
-1.299999e-03,-8.00e-01,-1.299999e-03,-3.00e-01,
-1.249999e-03,-8.00e-01,-1.249999e-03,-3.00e-01,
-1.199999e-03,-8.00e-01,-1.199999e-03,-3.00e-01,
-1.149999e-03,-4.00e-01,-1.149999e-03,-3.00e-01,
-1.099999e-03,-4.00e-01,-1.099999e-03,-3.00e-01,
-1.049999e-03,-4.00e-01,-1.049999e-03,-3.00e-01,
-9.999991e-04,-4.00e-01,-9.999991e-04,-3.00e-01,
-9.499991e-04,-4.00e-01,-9.499991e-04,-3.00e-01,
-8.999991e-04,-2.00e-01,-8.999991e-04,-3.00e-01,
-8.499991e-04,-2.00e-01,-8.499991e-04,-2.80e-01,
-7.999991e-04,-2.00e-01,-7.999991e-04,-2.80e-01,
-7.499991e-04,-2.00e-01,-7.499991e-04,-2.80e-01,
-6.999991e-04,-2.00e-01,-6.999991e-04,-2.80e-01,
-6.499991e-04,-2.00e-01,-6.499991e-04,-2.80e-01,
-5.999991e-04,0.00e+00,-5.999991e-04,-2.80e-01,
-5.499991e-04,0.00e+00,-5.499991e-04,-2.60e-01,
-4.999991e-04,0.00e+00,-4.999991e-04,-2.60e-01,
-4.499991e-04,0.00e+00,-4.499991e-04,-2.60e-01,
-3.999991e-04,0.00e+00,-3.999991e-04,-2.20e-01,
-3.499991e-04,0.00e+00,-3.499991e-04,-2.20e-01,
-2.999991e-04,4.00e-01,-2.999991e-04,-2.20e-01,
-2.499991e-04,4.00e-01,-2.499991e-04,-2.20e-01,
-1.999991e-04,4.00e-01,-1.999991e-04,-2.20e-01,
-1.499991e-04,4.00e-01,-1.499991e-04,-2.20e-01,
-9.999914e-05,4.00e-01,-9.999914e-05,-2.00e-01,
-4.999914e-05,4.00e-01,-4.999914e-05,-2.00e-01,
8.610892e-10,6.00e-01,8.610892e-10,-2.00e-01,
5.000086e-05,6.00e-01,5.000086e-05,-1.80e-01,
1.000009e-04,6.00e-01,1.000009e-04,-1.80e-01,
1.500009e-04,6.00e-01,1.500009e-04,-1.80e-01,
2.000009e-04,6.00e-01,2.000009e-04,-1.60e-01,
2.500009e-04,1.00e+00,2.500009e-04,-1.40e-01,
3.000009e-04,1.00e+00,3.000009e-04,-1.40e-01,
3.500009e-04,1.00e+00,3.500009e-04,-1.40e-01,
4.000009e-04,1.00e+00,4.000009e-04,-1.00e-01,
4.500008e-04,1.00e+00,4.500008e-04,-1.00e-01,
5.000008e-04,1.00e+00,5.000008e-04,-1.00e-01,
5.500008e-04,1.20e+00,5.500008e-04,-8.00e-02,
6.000008e-04,1.20e+00,6.000008e-04,-1.00e-01,
6.500008e-04,1.20e+00,6.500008e-04,-6.00e-02,
7.000008e-04,1.20e+00,7.000008e-04,-6.00e-02,
7.500008e-04,1.20e+00,7.500008e-04,-4.00e-02,
8.000008e-04,1.40e+00,8.000008e-04,-4.00e-02,
8.500008e-04,1.40e+00,8.500008e-04,-4.00e-02,
9.000008e-04,1.40e+00,9.000008e-04,-4.00e-02,
9.500008e-04,1.40e+00,9.500008e-04,-2.00e-02,
1.000001e-03,1.40e+00,1.000001e-03,-2.00e-02,
1.050001e-03,1.40e+00,1.050001e-03,-2.00e-02,
1.100001e-03,1.40e+00,1.100001e-03,2.00e-02,
1.150001e-03,1.80e+00,1.150001e-03,2.00e-02,
1.200001e-03,1.80e+00,1.200001e-03,2.00e-02,
1.250001e-03,1.80e+00,1.250001e-03,2.00e-02,
1.300001e-03,1.80e+00,1.300001e-03,4.00e-02,
1.350001e-03,2.00e+00,1.350001e-03,4.00e-02,
1.400001e-03,2.00e+00,1.400001e-03,6.00e-02,
1.450001e-03,2.00e+00,1.450001e-03,6.00e-02,
1.500001e-03,2.00e+00,1.500001e-03,6.00e-02,
1.550001e-03,2.00e+00,1.550001e-03,8.00e-02,
1.600001e-03,2.00e+00,1.600001e-03,8.00e-02,
1.650001e-03,2.40e+00,1.650001e-03,8.00e-02,
1.700001e-03,2.40e+00,1.700001e-03,1.00e-01,
1.750001e-03,2.40e+00,1.750001e-03,1.00e-01,
1.800001e-03,2.40e+00,1.800001e-03,1.00e-01,
1.850001e-03,2.40e+00,1.850001e-03,1.00e-01,
1.900001e-03,2.60e+00,1.900001e-03,1.40e-01,
1.950001e-03,2.60e+00,1.950001e-03,1.40e-01,
2.000001e-03,2.60e+00,2.000001e-03,1.40e-01,
2.050001e-03,2.60e+00,2.050001e-03,1.60e-01,
2.100001e-03,2.60e+00,2.100001e-03,1.60e-01,
2.150001e-03,2.60e+00,2.150001e-03,1.60e-01,
2.200001e-03,2.60e+00,2.200001e-03,1.60e-01,
2.250001e-03,2.80e+00,2.250001e-03,1.80e-01,
2.300001e-03,2.80e+00,2.300001e-03,1.80e-01,
2.350001e-03,2.80e+00,2.350001e-03,1.80e-01,
2.400001e-03,2.80e+00,2.400001e-03,2.00e-01,
2.450001e-03,2.80e+00,2.450001e-03,2.00e-01,
2.500001e-03,2.80e+00,2.500001e-03,2.00e-01,
2.550001e-03,3.20e+00,2.550001e-03,2.00e-01,
2.600001e-03,3.20e+00,2.600001e-03,2.00e-01,
2.650001e-03,3.20e+00,2.650001e-03,2.00e-01,
2.700001e-03,3.20e+00,2.700001e-03,2.20e-01,
2.750001e-03,3.20e+00,2.750001e-03,2.20e-01,
2.800001e-03,3.40e+00,2.800001e-03,2.20e-01,
2.850001e-03,3.40e+00,2.850001e-03,2.20e-01,
2.900001e-03,3.40e+00,2.900001e-03,2.60e-01,
2.950001e-03,3.40e+00,2.950001e-03,2.20e-01,
3.000001e-03,3.40e+00,3.000001e-03,2.60e-01,
3.050001e-03,3.40e+00,3.050001e-03,2.60e-01,
3.100001e-03,3.80e+00,3.100001e-03,2.60e-01,
3.150001e-03,3.80e+00,3.150001e-03,2.60e-01,
3.200001e-03,3.80e+00,3.200001e-03,2.60e-01,
3.250001e-03,3.80e+00,3.250001e-03,2.60e-01,
3.300001e-03,4.00e+00,3.300001e-03,2.60e-01,
3.350001e-03,4.00e+00,3.350001e-03,2.80e-01,
3.400001e-03,4.00e+00,3.400001e-03,2.80e-01,
3.450001e-03,4.00e+00,3.450001e-03,2.80e-01,
3.500001e-03,4.00e+00,3.500001e-03,2.80e-01,
3.550001e-03,4.00e+00,3.550001e-03,2.80e-01,
3.600001e-03,4.20e+00,3.600001e-03,2.80e-01,
3.650001e-03,4.20e+00,3.650001e-03,3.00e-01,
3.700001e-03,4.20e+00,3.700001e-03,2.80e-01,
3.750001e-03,4.20e+00,3.750001e-03,3.00e-01,
3.800001e-03,4.20e+00,3.800001e-03,3.00e-01,
3.850001e-03,4.20e+00,3.850001e-03,2.80e-01,
3.900001e-03,4.60e+00,3.900001e-03,3.00e-01,
3.950001e-03,4.60e+00,3.950001e-03,3.00e-01,
4.000001e-03,4.60e+00,4.000001e-03,3.00e-01,
4.050001e-03,4.60e+00,4.050001e-03,3.00e-01,
4.100001e-03,4.60e+00,4.100001e-03,3.00e-01,
4.150001e-03,4.60e+00,4.150001e-03,3.00e-01,
4.200001e-03,4.80e+00,4.200001e-03,3.00e-01,
4.250001e-03,4.80e+00,4.250001e-03,3.20e-01,
4.300001e-03,4.80e+00,4.300001e-03,3.00e-01,
4.350001e-03,4.80e+00,4.350001e-03,3.00e-01,
4.400001e-03,4.80e+00,4.400001e-03,3.00e-01,
4.450001e-03,4.80e+00,4.450001e-03,3.00e-01,
4.500001e-03,5.20e+00,4.500001e-03,3.20e-01,
4.550001e-03,5.20e+00,4.550001e-03,3.20e-01,
4.600001e-03,4.80e+00,4.600001e-03,3.00e-01,
4.650001e-03,4.80e+00,4.650001e-03,3.20e-01,
4.700001e-03,4.80e+00,4.700001e-03,3.20e-01,
4.750001e-03,4.80e+00,4.750001e-03,3.20e-01,
4.800001e-03,4.80e+00,4.800001e-03,3.00e-01,
4.850001e-03,4.60e+00,4.850001e-03,3.00e-01,
4.900001e-03,4.60e+00,4.900001e-03,3.20e-01,
4.950001e-03,4.60e+00,4.950001e-03,3.00e-01,
5.000001e-03,4.60e+00,5.000001e-03,3.20e-01,
5.050001e-03,4.60e+00,5.050001e-03,3.00e-01,
5.100001e-03,4.60e+00,5.100001e-03,3.20e-01,
5.150001e-03,4.60e+00,5.150001e-03,3.20e-01,
5.200001e-03,4.20e+00,5.200001e-03,3.00e-01,
5.250001e-03,4.20e+00,5.250001e-03,3.20e-01,
5.300001e-03,4.20e+00,5.300001e-03,3.20e-01,
5.350001e-03,4.20e+00,5.350001e-03,3.20e-01,
5.400001e-03,4.00e+00,5.400001e-03,3.00e-01,
5.450001e-03,4.00e+00,5.450001e-03,3.00e-01,
5.500001e-03,4.00e+00,5.500001e-03,3.20e-01,
5.550001e-03,4.00e+00,5.550001e-03,3.00e-01,
5.600001e-03,4.00e+00,5.600001e-03,3.20e-01,
5.650001e-03,4.00e+00,5.650001e-03,3.20e-01,
5.700001e-03,4.00e+00,5.700001e-03,3.20e-01,
5.750001e-03,3.80e+00,5.750001e-03,3.00e-01,
5.800001e-03,3.80e+00,5.800001e-03,3.20e-01,
5.850001e-03,3.80e+00,5.850001e-03,3.00e-01,
5.900001e-03,3.80e+00,5.900001e-03,3.00e-01,
5.950001e-03,3.40e+00,5.950001e-03,3.20e-01,
6.000001e-03,3.40e+00,6.000001e-03,3.00e-01,
6.050001e-03,3.40e+00,6.050001e-03,3.00e-01,
6.100001e-03,3.40e+00,6.100001e-03,3.00e-01,
6.150001e-03,3.40e+00,6.150001e-03,3.20e-01,
6.200001e-03,3.40e+00,6.200001e-03,3.20e-01,
6.250001e-03,3.20e+00,6.250001e-03,3.20e-01,
6.300001e-03,3.20e+00,6.300001e-03,3.00e-01,
6.350001e-03,3.20e+00,6.350001e-03,3.20e-01,
6.400001e-03,3.20e+00,6.400001e-03,3.00e-01,
6.450001e-03,3.20e+00,6.450001e-03,3.00e-01,
6.500001e-03,3.20e+00,6.500001e-03,3.00e-01,
6.550001e-03,2.80e+00,6.550001e-03,3.00e-01,
6.600001e-03,2.80e+00,6.600001e-03,3.20e-01,
6.650001e-03,2.80e+00,6.650001e-03,3.20e-01,
6.700001e-03,2.80e+00,6.700001e-03,3.00e-01,
6.750001e-03,2.80e+00,6.750001e-03,3.20e-01,
6.800001e-03,2.60e+00,6.800001e-03,3.00e-01,
6.850001e-03,2.60e+00,6.850001e-03,3.20e-01,
6.900001e-03,2.60e+00,6.900001e-03,3.00e-01,
6.950001e-03,2.60e+00,6.950001e-03,3.00e-01,
7.000001e-03,2.60e+00,7.000001e-03,3.00e-01,
7.050001e-03,2.60e+00,7.050001e-03,3.00e-01,
7.100001e-03,2.40e+00,7.100001e-03,3.00e-01,
7.150001e-03,2.40e+00,7.150001e-03,3.00e-01,
7.200001e-03,2.40e+00,7.200001e-03,3.00e-01,
7.250001e-03,2.40e+00,7.250001e-03,3.00e-01,
7.300001e-03,2.40e+00,7.300001e-03,3.00e-01,
7.350001e-03,2.00e+00,7.350001e-03,3.20e-01,
7.400001e-03,2.00e+00,7.400001e-03,3.00e-01,
7.450001e-03,2.00e+00,7.450001e-03,3.00e-01,
7.500001e-03,2.00e+00,7.500001e-03,3.00e-01,
7.550001e-03,2.00e+00,7.550001e-03,3.00e-01,
7.600001e-03,2.00e+00,7.600001e-03,3.00e-01,
7.650001e-03,1.80e+00,7.650001e-03,3.00e-01,
7.700001e-03,1.80e+00,7.700001e-03,3.00e-01,
7.750001e-03,1.80e+00,7.750001e-03,3.00e-01,
7.800001e-03,1.80e+00,7.800001e-03,3.00e-01,
7.850001e-03,1.80e+00,7.850001e-03,3.00e-01,
7.900001e-03,1.80e+00,7.900001e-03,3.00e-01,
7.950001e-03,1.40e+00,7.950001e-03,3.00e-01,
8.000001e-03,1.40e+00,8.000001e-03,3.00e-01,
8.050001e-03,1.40e+00,8.050001e-03,3.00e-01,
8.100001e-03,1.40e+00,8.100001e-03,3.00e-01,
8.150001e-03,1.40e+00,8.150001e-03,2.80e-01,
8.200001e-03,1.20e+00,8.200001e-03,3.00e-01,
8.250001e-03,1.20e+00,8.250001e-03,3.00e-01,
8.300001e-03,1.20e+00,8.300001e-03,3.00e-01,
8.350001e-03,1.20e+00,8.350001e-03,3.00e-01,
8.400001e-03,1.20e+00,8.400001e-03,2.80e-01,
8.450001e-03,1.00e+00,8.450001e-03,3.00e-01,
8.500001e-03,1.00e+00,8.500001e-03,2.80e-01,
8.550001e-03,1.00e+00,8.550001e-03,3.00e-01,
8.600001e-03,1.00e+00,8.600001e-03,3.00e-01,
8.650001e-03,1.00e+00,8.650001e-03,2.80e-01,
8.700001e-03,1.00e+00,8.700001e-03,3.00e-01,
8.750001e-03,6.00e-01,8.750001e-03,3.00e-01,
8.800001e-03,6.00e-01,8.800001e-03,3.00e-01,
8.850001e-03,6.00e-01,8.850001e-03,3.00e-01,
8.900001e-03,6.00e-01,8.900001e-03,2.80e-01,
8.950001e-03,6.00e-01,8.950001e-03,3.00e-01,
9.000001e-03,6.00e-01,9.000001e-03,2.80e-01,
9.050001e-03,4.00e-01,9.050001e-03,2.80e-01,
9.100001e-03,4.00e-01,9.100001e-03,2.80e-01,
9.150001e-03,4.00e-01,9.150001e-03,3.00e-01,
9.200001e-03,4.00e-01,9.200001e-03,2.80e-01,
9.250001e-03,4.00e-01,9.250001e-03,2.80e-01,
9.300001e-03,4.00e-01,9.300001e-03,2.80e-01,
9.350001e-03,0.00e+00,9.350001e-03,2.80e-01,
9.400001e-03,0.00e+00,9.400001e-03,2.80e-01,
9.450001e-03,0.00e+00,9.450001e-03,2.80e-01,
9.500001e-03,0.00e+00,9.500001e-03,2.80e-01,
9.550001e-03,0.00e+00,9.550001e-03,2.80e-01,
9.600001e-03,-2.00e-01,9.600001e-03,2.80e-01,
9.650001e-03,-2.00e-01,9.650001e-03,2.80e-01,
9.700001e-03,-2.00e-01,9.700001e-03,2.80e-01,
9.750001e-03,-2.00e-01,9.750001e-03,2.80e-01,
9.800001e-03,-2.00e-01,9.800001e-03,2.80e-01,
9.850001e-03,-2.00e-01,9.850001e-03,2.60e-01,
9.900001e-03,-4.00e-01,9.900001e-03,2.60e-01,
9.950001e-03,-4.00e-01,9.950001e-03,2.60e-01,
1.000000e-02,-4.00e-01,1.000000e-02,2.60e-01,
1.005000e-02,-4.00e-01,1.005000e-02,2.60e-01,
1.010000e-02,-4.00e-01,1.010000e-02,2.60e-01,
1.015000e-02,-8.00e-01,1.015000e-02,2.60e-01,
1.020000e-02,-8.00e-01,1.020000e-02,2.20e-01,
1.025000e-02,-8.00e-01,1.025000e-02,2.20e-01,
1.030000e-02,-8.00e-01,1.030000e-02,2.20e-01,
1.035000e-02,-8.00e-01,1.035000e-02,2.00e-01,
1.040000e-02,-8.00e-01,1.040000e-02,2.00e-01,
1.045000e-02,-1.00e+00,1.045000e-02,2.00e-01,
1.050000e-02,-1.00e+00,1.050000e-02,1.80e-01,
1.055000e-02,-1.00e+00,1.055000e-02,1.80e-01,
1.060000e-02,-1.00e+00,1.060000e-02,1.60e-01,
1.065000e-02,-1.00e+00,1.065000e-02,1.60e-01,
1.070000e-02,-1.00e+00,1.070000e-02,1.60e-01,
1.075000e-02,-1.40e+00,1.075000e-02,1.40e-01,
1.080000e-02,-1.40e+00,1.080000e-02,1.40e-01,
1.085000e-02,-1.40e+00,1.085000e-02,1.40e-01,
1.090000e-02,-1.40e+00,1.090000e-02,1.00e-01,
1.095000e-02,-1.40e+00,1.095000e-02,8.00e-02,
1.100000e-02,-1.60e+00,1.100000e-02,8.00e-02,
1.105000e-02,-1.60e+00,1.105000e-02,8.00e-02,
1.110000e-02,-1.60e+00,1.110000e-02,6.00e-02,
1.115000e-02,-1.60e+00,1.115000e-02,6.00e-02,
1.120000e-02,-1.60e+00,1.120000e-02,4.00e-02,
1.125000e-02,-1.60e+00,1.125000e-02,4.00e-02,
1.130000e-02,-1.80e+00,1.130000e-02,2.00e-02,
1.135000e-02,-1.80e+00,1.135000e-02,2.00e-02,
1.140000e-02,-1.80e+00,1.140000e-02,2.00e-02,
1.145000e-02,-1.80e+00,1.145000e-02,2.00e-02,
1.150000e-02,-1.80e+00,1.150000e-02,-2.00e-02,
1.155000e-02,-1.80e+00,1.155000e-02,-2.00e-02,
1.160000e-02,-2.20e+00,1.160000e-02,-4.00e-02,
1.165000e-02,-2.20e+00,1.165000e-02,-4.00e-02,
1.170000e-02,-2.20e+00,1.170000e-02,-6.00e-02,
1.175000e-02,-2.20e+00,1.175000e-02,-6.00e-02,
1.180000e-02,-2.20e+00,1.180000e-02,-8.00e-02,
1.185000e-02,-2.40e+00,1.185000e-02,-8.00e-02,
1.190000e-02,-2.40e+00,1.190000e-02,-8.00e-02,
1.195000e-02,-2.40e+00,1.195000e-02,-8.00e-02,
1.200000e-02,-2.40e+00,1.200000e-02,-8.00e-02,
1.205000e-02,-2.40e+00,1.205000e-02,-1.00e-01,
1.210000e-02,-2.40e+00,1.210000e-02,-1.00e-01,
1.215000e-02,-2.80e+00,1.215000e-02,-1.40e-01,
1.220000e-02,-2.80e+00,1.220000e-02,-1.40e-01,
1.225000e-02,-2.80e+00,1.225000e-02,-1.40e-01,
1.230000e-02,-2.80e+00,1.230000e-02,-1.40e-01,
1.235000e-02,-2.80e+00,1.235000e-02,-1.40e-01,
1.240000e-02,-3.00e+00,1.240000e-02,-1.60e-01,
1.245000e-02,-3.00e+00,1.245000e-02,-1.80e-01,
1.250000e-02,-3.00e+00,1.250000e-02,-1.80e-01,
1.255000e-02,-3.00e+00,1.255000e-02,-1.80e-01,
1.260000e-02,-3.00e+00,1.260000e-02,-2.00e-01,
1.265000e-02,-3.00e+00,1.265000e-02,-2.00e-01,
1.270000e-02,-3.20e+00,1.270000e-02,-2.00e-01,
1.275000e-02,-3.20e+00,1.275000e-02,-2.00e-01,
1.280000e-02,-3.20e+00,1.280000e-02,-2.20e-01,
1.285000e-02,-3.20e+00,1.285000e-02,-2.20e-01,
1.290000e-02,-3.20e+00,1.290000e-02,-2.20e-01,
1.295000e-02,-3.60e+00,1.295000e-02,-2.60e-01,
1.300000e-02,-3.60e+00,1.300000e-02,-2.60e-01,
1.305000e-02,-3.60e+00,1.305000e-02,-2.60e-01,
1.310000e-02,-3.60e+00,1.310000e-02,-2.60e-01,
1.315000e-02,-3.60e+00,1.315000e-02,-2.60e-01,
1.320000e-02,-3.80e+00,1.320000e-02,-2.80e-01,
1.325000e-02,-3.80e+00,1.325000e-02,-2.80e-01,
1.330000e-02,-3.80e+00,1.330000e-02,-2.80e-01,
1.335000e-02,-3.80e+00,1.335000e-02,-2.80e-01,
1.340000e-02,-3.80e+00,1.340000e-02,-3.00e-01,
1.345000e-02,-3.80e+00,1.345000e-02,-2.80e-01,
1.350000e-02,-3.80e+00,1.350000e-02,-3.00e-01,
1.355000e-02,-4.20e+00,1.355000e-02,-3.00e-01,
1.360000e-02,-4.20e+00,1.360000e-02,-3.00e-01,
1.365000e-02,-4.20e+00,1.365000e-02,-3.20e-01,
1.370000e-02,-4.20e+00,1.370000e-02,-3.20e-01,
1.375000e-02,-4.20e+00,1.375000e-02,-3.20e-01,
1.380000e-02,-4.40e+00,1.380000e-02,-3.20e-01,
1.385000e-02,-4.40e+00,1.385000e-02,-3.20e-01,
1.390000e-02,-4.40e+00,1.390000e-02,-3.20e-01,
1.395000e-02,-4.40e+00,1.395000e-02,-3.40e-01,
1.400000e-02,-4.40e+00,1.400000e-02,-3.40e-01,
1.405000e-02,-4.60e+00,1.405000e-02,-3.40e-01,
1.410000e-02,-4.60e+00,1.410000e-02,-3.40e-01,
1.415000e-02,-4.60e+00,1.415000e-02,-3.40e-01,
1.420000e-02,-4.60e+00,1.420000e-02,-3.80e-01,
1.425000e-02,-4.60e+00,1.425000e-02,-3.80e-01,
1.430000e-02,-4.60e+00,1.430000e-02,-3.80e-01,
1.435000e-02,-5.00e+00,1.435000e-02,-3.80e-01,
1.440000e-02,-5.00e+00,1.440000e-02,-3.80e-01,
1.445000e-02,-5.00e+00,1.445000e-02,-3.80e-01,
1.450000e-02,-5.00e+00,1.450000e-02,-3.80e-01,
1.455000e-02,-5.00e+00,1.455000e-02,-4.00e-01,
1.460000e-02,-5.00e+00,1.460000e-02,-3.80e-01,
1.465000e-02,-5.00e+00,1.465000e-02,-3.80e-01,
1.470000e-02,-4.60e+00,1.470000e-02,-4.00e-01,
1.475000e-02,-4.60e+00,1.475000e-02,-3.80e-01,
1.480000e-02,-4.60e+00,1.480000e-02,-4.00e-01,
1.485000e-02,-4.60e+00,1.485000e-02,-3.80e-01,
1.490000e-02,-4.60e+00,1.490000e-02,-3.80e-01,
1.495000e-02,-4.60e+00,1.495000e-02,-4.00e-01,
1.500000e-02,-4.40e+00,1.500000e-02,-3.80e-01,
1.505000e-02,-4.40e+00,1.505000e-02,-3.80e-01,
1.510000e-02,-4.40e+00,1.510000e-02,-4.00e-01,
1.515000e-02,-4.40e+00,1.515000e-02,-4.00e-01,
1.520000e-02,-4.40e+00,1.520000e-02,-4.00e-01,
1.525000e-02,-4.20e+00,1.525000e-02,-4.00e-01,
1.530000e-02,-4.20e+00,1.530000e-02,-4.00e-01,
1.535000e-02,-4.20e+00,1.535000e-02,-3.80e-01,
1.540000e-02,-4.20e+00,1.540000e-02,-3.80e-01,
1.545000e-02,-4.20e+00,1.545000e-02,-3.80e-01,
1.550000e-02,-4.20e+00,1.550000e-02,-4.00e-01,
1.555000e-02,-3.80e+00,1.555000e-02,-4.00e-01,
1.560000e-02,-3.80e+00,1.560000e-02,-4.00e-01,
1.565000e-02,-3.80e+00,1.565000e-02,-4.00e-01,
1.570000e-02,-3.80e+00,1.570000e-02,-4.00e-01,
1.575000e-02,-3.80e+00,1.575000e-02,-4.00e-01,
1.580000e-02,-3.60e+00,1.580000e-02,-3.80e-01,
1.585000e-02,-3.60e+00,1.585000e-02,-3.80e-01,
1.590000e-02,-3.60e+00,1.590000e-02,-3.80e-01,
1.595000e-02,-3.60e+00,1.595000e-02,-3.80e-01,
1.600000e-02,-3.60e+00,1.600000e-02,-3.80e-01,
1.605000e-02,-3.60e+00,1.605000e-02,-3.80e-01,
1.610000e-02,-3.20e+00,1.610000e-02,-3.80e-01,
1.615000e-02,-3.20e+00,1.615000e-02,-4.00e-01,
1.620000e-02,-3.20e+00,1.620000e-02,-3.80e-01,
1.625000e-02,-3.20e+00,1.625000e-02,-3.80e-01,
1.630000e-02,-3.20e+00,1.630000e-02,-3.80e-01,
1.635000e-02,-3.00e+00,1.635000e-02,-3.80e-01,
1.640000e-02,-3.00e+00,1.640000e-02,-3.80e-01,
1.645000e-02,-3.00e+00,1.645000e-02,-3.80e-01,
1.650000e-02,-3.00e+00,1.650000e-02,-3.80e-01,
1.655000e-02,-3.00e+00,1.655000e-02,-3.80e-01,
1.660000e-02,-3.00e+00,1.660000e-02,-3.40e-01,
1.665000e-02,-2.80e+00,1.665000e-02,-3.80e-01,
1.670000e-02,-2.80e+00,1.670000e-02,-3.80e-01,
1.675000e-02,-2.80e+00,1.675000e-02,-3.80e-01,
1.680000e-02,-2.80e+00,1.680000e-02,-3.80e-01,
1.685000e-02,-2.80e+00,1.685000e-02,-3.80e-01,
1.690000e-02,-2.40e+00,1.690000e-02,-3.40e-01,
1.695000e-02,-2.40e+00,1.695000e-02,-3.40e-01,
1.700000e-02,-2.40e+00,1.700000e-02,-3.80e-01,
1.705000e-02,-2.40e+00,1.705000e-02,-3.40e-01,
1.710000e-02,-2.40e+00,1.710000e-02,-3.40e-01,
1.715000e-02,-2.40e+00,1.715000e-02,-3.80e-01,
1.720000e-02,-2.20e+00,1.720000e-02,-3.40e-01,
1.725000e-02,-2.20e+00,1.725000e-02,-3.40e-01,
1.730000e-02,-2.20e+00,1.730000e-02,-3.40e-01,
1.735000e-02,-2.20e+00,1.735000e-02,-3.40e-01,
1.740000e-02,-2.20e+00,1.740000e-02,-3.40e-01,
1.745000e-02,-2.20e+00,1.745000e-02,-3.40e-01,
1.750000e-02,-1.80e+00,1.750000e-02,-3.40e-01,
1.755000e-02,-1.80e+00,1.755000e-02,-3.40e-01,
1.760000e-02,-1.80e+00,1.760000e-02,-3.40e-01,
1.765000e-02,-1.80e+00,1.765000e-02,-3.40e-01,
1.770000e-02,-1.60e+00,1.770000e-02,-3.40e-01,
1.775000e-02,-1.60e+00,1.775000e-02,-3.40e-01,
1.780000e-02,-1.60e+00,1.780000e-02,-3.40e-01,
1.785000e-02,-1.60e+00,1.785000e-02,-3.40e-01,
1.790000e-02,-1.60e+00,1.790000e-02,-3.20e-01,
1.795000e-02,-1.60e+00,1.795000e-02,-3.20e-01,
1.800000e-02,-1.40e+00,1.800000e-02,-3.20e-01,
1.805000e-02,-1.40e+00,1.805000e-02,-3.20e-01,
1.810000e-02,-1.40e+00,1.810000e-02,-3.40e-01,
1.815000e-02,-1.40e+00,1.815000e-02,-3.20e-01,
1.820000e-02,-1.40e+00,1.820000e-02,-3.20e-01,
1.825000e-02,-1.40e+00,1.825000e-02,-3.20e-01,
1.830000e-02,-1.00e+00,1.830000e-02,-3.20e-01,
1.835000e-02,-1.00e+00,1.835000e-02,-3.20e-01,
1.840000e-02,-1.00e+00,1.840000e-02,-3.20e-01,
1.845000e-02,-1.00e+00,1.845000e-02,-3.20e-01,
1.850000e-02,-1.00e+00,1.850000e-02,-3.20e-01,
1.855000e-02,-1.00e+00,1.855000e-02,-3.20e-01,
1.860000e-02,-8.00e-01,1.860000e-02,-3.00e-01,
1.865000e-02,-8.00e-01,1.865000e-02,-3.00e-01,
1.870000e-02,-8.00e-01,1.870000e-02,-3.00e-01,
1.875000e-02,-8.00e-01,1.875000e-02,-3.00e-01,
1.880000e-02,-8.00e-01,1.880000e-02,-3.00e-01,
1.885000e-02,-4.00e-01,1.885000e-02,-3.00e-01,
1.890000e-02,-4.00e-01,1.890000e-02,-3.00e-01,
1.895000e-02,-4.00e-01,1.895000e-02,-3.00e-01,
1.900000e-02,-4.00e-01,1.900000e-02,-2.80e-01,
1.905000e-02,-4.00e-01,1.905000e-02,-3.00e-01,
1.910000e-02,-4.00e-01,1.910000e-02,-2.80e-01,
1.915000e-02,-2.00e-01,1.915000e-02,-3.00e-01,
1.920000e-02,-2.00e-01,1.920000e-02,-2.80e-01,
1.925000e-02,-2.00e-01,1.925000e-02,-2.80e-01,
1.930000e-02,-2.00e-01,1.930000e-02,-2.80e-01,
1.935000e-02,-2.00e-01,1.935000e-02,-2.80e-01,
1.940000e-02,0.00e+00,1.940000e-02,-2.80e-01,
1.945000e-02,0.00e+00,1.945000e-02,-2.60e-01,
1.950000e-02,0.00e+00,1.950000e-02,-2.80e-01,
1.955000e-02,0.00e+00,1.955000e-02,-2.60e-01,
1.960000e-02,0.00e+00,1.960000e-02,-2.60e-01,
1.965000e-02,0.00e+00,1.965000e-02,-2.60e-01,
1.970000e-02,4.00e-01,1.970000e-02,-2.60e-01,
1.975000e-02,4.00e-01,1.975000e-02,-2.20e-01,
1.980000e-02,4.00e-01,1.980000e-02,-2.20e-01,
1.985000e-02,4.00e-01,1.985000e-02,-2.00e-01,
1.990000e-02,4.00e-01,1.990000e-02,-2.00e-01,
1.995000e-02,6.00e-01,1.995000e-02,-2.00e-01,
2.000000e-02,6.00e-01,2.000000e-02,-2.00e-01,
2.005000e-02,6.00e-01,2.005000e-02,-1.80e-01,
2.010000e-02,6.00e-01,2.010000e-02,-1.80e-01,
2.015000e-02,6.00e-01,2.015000e-02,-1.60e-01,
2.020000e-02,6.00e-01,2.020000e-02,-1.60e-01,
2.025000e-02,1.00e+00,2.025000e-02,-1.40e-01,
2.030000e-02,1.00e+00,2.030000e-02,-1.40e-01,
2.035000e-02,1.00e+00,2.035000e-02,-1.40e-01,
2.040000e-02,1.00e+00,2.040000e-02,-1.00e-01,
2.045000e-02,1.00e+00,2.045000e-02,-1.00e-01,
2.050000e-02,1.20e+00,2.050000e-02,-8.00e-02,
2.055000e-02,1.20e+00,2.055000e-02,-8.00e-02,
2.060000e-02,1.20e+00,2.060000e-02,-8.00e-02,
2.065000e-02,1.20e+00,2.065000e-02,-6.00e-02,
2.070000e-02,1.20e+00,2.070000e-02,-6.00e-02,
2.075000e-02,1.20e+00,2.075000e-02,-6.00e-02,
2.080000e-02,1.40e+00,2.080000e-02,-4.00e-02,
2.085000e-02,1.40e+00,2.085000e-02,-4.00e-02,
2.090000e-02,1.40e+00,2.090000e-02,-4.00e-02,
2.095000e-02,1.40e+00,2.095000e-02,-2.00e-02,
2.100000e-02,1.40e+00,2.100000e-02,-2.00e-02,
2.105000e-02,1.40e+00,2.105000e-02,-2.00e-02,
2.110000e-02,1.80e+00,2.110000e-02,-2.00e-02,
2.115000e-02,1.80e+00,2.115000e-02,2.00e-02,
2.120000e-02,1.80e+00,2.120000e-02,2.00e-02,
2.125000e-02,1.80e+00,2.125000e-02,4.00e-02,
2.130000e-02,1.80e+00,2.130000e-02,4.00e-02,
2.135000e-02,1.80e+00,2.135000e-02,4.00e-02,
2.140000e-02,2.00e+00,2.140000e-02,6.00e-02,
2.145000e-02,2.00e+00,2.145000e-02,6.00e-02,
2.150000e-02,2.00e+00,2.150000e-02,6.00e-02,
2.155000e-02,2.00e+00,2.155000e-02,8.00e-02,
2.160000e-02,2.00e+00,2.160000e-02,8.00e-02,
2.165000e-02,2.40e+00,2.165000e-02,8.00e-02,
2.170000e-02,2.40e+00,2.170000e-02,1.00e-01,
2.175000e-02,2.40e+00,2.175000e-02,1.00e-01,
2.180000e-02,2.40e+00,2.180000e-02,1.00e-01,
2.185000e-02,2.40e+00,2.185000e-02,1.00e-01,
2.190000e-02,2.60e+00,2.190000e-02,1.40e-01,
2.195000e-02,2.60e+00,2.195000e-02,1.40e-01,
2.200000e-02,2.60e+00,2.200000e-02,1.60e-01,
2.205000e-02,2.60e+00,2.205000e-02,1.60e-01,
2.210000e-02,2.60e+00,2.210000e-02,1.60e-01,
2.215000e-02,2.60e+00,2.215000e-02,1.60e-01,
2.220000e-02,2.80e+00,2.220000e-02,1.60e-01,
2.225000e-02,2.80e+00,2.225000e-02,1.80e-01,
2.230000e-02,2.80e+00,2.230000e-02,1.80e-01,
2.235000e-02,2.80e+00,2.235000e-02,1.80e-01,
2.240000e-02,2.80e+00,2.240000e-02,1.80e-01,
2.245000e-02,2.80e+00,2.245000e-02,2.00e-01,
2.250000e-02,3.20e+00,2.250000e-02,2.20e-01,
2.255000e-02,3.20e+00,2.255000e-02,2.00e-01,
2.260000e-02,3.20e+00,2.260000e-02,2.00e-01,
2.265000e-02,3.20e+00,2.265000e-02,2.20e-01,
2.270000e-02,3.20e+00,2.270000e-02,2.20e-01,
2.275000e-02,3.20e+00,2.275000e-02,2.20e-01,
2.280000e-02,3.40e+00,2.280000e-02,2.20e-01,
2.285000e-02,3.40e+00,2.285000e-02,2.20e-01,
2.290000e-02,3.40e+00,2.290000e-02,2.20e-01,
2.295000e-02,3.40e+00,2.295000e-02,2.60e-01,
2.300000e-02,3.40e+00,2.300000e-02,2.60e-01,
2.305000e-02,3.40e+00,2.305000e-02,2.60e-01,
2.310000e-02,3.80e+00,2.310000e-02,2.60e-01,
2.315000e-02,3.80e+00,2.315000e-02,2.60e-01,
2.320000e-02,3.80e+00,2.320000e-02,2.60e-01,
2.325000e-02,3.80e+00,2.325000e-02,2.80e-01,
2.330000e-02,3.80e+00,2.330000e-02,2.80e-01,
2.335000e-02,3.80e+00,2.335000e-02,2.80e-01,
2.340000e-02,4.00e+00,2.340000e-02,2.80e-01,
2.345000e-02,4.00e+00,2.345000e-02,2.80e-01,
2.350000e-02,4.00e+00,2.350000e-02,2.80e-01,
2.355000e-02,4.00e+00,2.355000e-02,2.80e-01,
2.360000e-02,4.20e+00,2.360000e-02,3.00e-01,
2.365000e-02,4.20e+00,2.365000e-02,2.80e-01,
2.370000e-02,4.20e+00,2.370000e-02,3.00e-01,
2.375000e-02,4.20e+00,2.375000e-02,3.00e-01,
2.380000e-02,4.20e+00,2.380000e-02,3.00e-01,
2.385000e-02,4.20e+00,2.385000e-02,3.00e-01,
2.390000e-02,4.60e+00,2.390000e-02,3.00e-01,
2.395000e-02,4.60e+00,2.395000e-02,3.00e-01,
2.400000e-02,4.60e+00,2.400000e-02,3.00e-01,
2.405000e-02,4.60e+00,2.405000e-02,3.00e-01,
2.410000e-02,4.60e+00,2.410000e-02,3.00e-01,
2.415000e-02,4.60e+00,2.415000e-02,3.00e-01,
2.420000e-02,4.80e+00,2.420000e-02,3.00e-01,
2.425000e-02,4.80e+00,2.425000e-02,3.00e-01,
2.430000e-02,4.80e+00,2.430000e-02,3.20e-01,
2.435000e-02,4.80e+00,2.435000e-02,3.00e-01,
2.440000e-02,4.80e+00,2.440000e-02,3.00e-01,
2.445000e-02,4.80e+00,2.445000e-02,3.00e-01,
2.450000e-02,5.20e+00,2.450000e-02,3.20e-01,
2.455000e-02,5.20e+00,2.455000e-02,3.00e-01,
2.460000e-02,4.80e+00,2.460000e-02,3.20e-01,
2.465000e-02,4.80e+00,2.465000e-02,3.20e-01,
2.470000e-02,4.80e+00,2.470000e-02,3.20e-01,
2.475000e-02,4.80e+00,2.475000e-02,3.20e-01,
2.480000e-02,4.80e+00,2.480000e-02,3.20e-01,
2.485000e-02,4.80e+00,2.485000e-02,3.20e-01,
2.490000e-02,4.60e+00,2.490000e-02,3.20e-01,
2.495000e-02,4.60e+00,2.495000e-02,3.20e-01,
2.500000e-02,4.60e+00,2.500000e-02,3.20e-01,
2.505000e-02,4.60e+00,2.505000e-02,3.00e-01,
